Samples	Class	1,2-anhydro-myo-inositol	1-hexadecanol	2-hydroxyglutaric acid	2-isopropylmalic acid	2-ketoisocaproic acid	3,6-anhydrogalactose	3-hydroxy-3-methylglutaric acid	4-hydroxyproline	alanine	alpha ketoglutaric acid	arabinose	arabitol	arachidic acid	asparagine	aspartic acid	behenic acid	benzoic acid	beta alanine	butyl stearate	caffeic acid	cellobiose	cis-caffeic acid	citramalate	citric acid	citrulline	conduritol-beta-epoxide	cysteine	dehydroascorbate	erythritol	fructose	fucose	GABA	galactinol	galactonic acid	galactose	galacturonic acid	glucoheptulose	gluconic acid	glucose	glucuronic acid	glutamic acid	glyceric acid	glycerol	glycerol-3-galactoside NIST	glycerol-alpha-phosphate	glycine	guanine	heptadecanoic acid	homoserine	indole-3-lactate	inositol myo-	inulobiose	isocitric acid	isogalactinol	isoleucine	isothreonic acid	lactic acid	Lauric acid	leucine	lysine	lyxitol	malate	maleic acid	maltose	mannitol	melibiose	methionine	N-acetyl-D-hexosamine	N-acetyl-D-mannosamine	nicotianamine	octadecanol	Oleic acid	ornithine	oxoproline	palmitic acid	pelargonic acid	phenylalanine	pipecolic acid	proline	pseudo uridine	putrescine	quinic acid	ribonic acid	ribose	saccharopine	serine	shikimic acid	sophorose	sorbitol	spermidine	Stearic acid	suberyl glycine	succinic acid	talose	tartaric acid	threitol	threonic acid	threonine	trehalose	tryptophan	tyrosine	uracil	urea	uridine	valine	xanthine	xylitol	xylose
421724	White wine type and source:Chardonnay, Carneros, CA 2003 (CH01)	10631.00	1321.00	69338.00	4304.00	439.00	1795.00	2071.00	16312.00	256068.00	2493.00	42128.00	6585.00	1143.00	6688.00	31065.00	982.00	2713.00	12388.00	3843.00	1025.00	7362.00	755.00	17145.00	87610.00	5853.00	44368.00	916.00	8841.00	94964.00	232562.00	12032.00	202452.00	975.00	1161.00	165461.00	117550.00	2806.00	4628.00	215477.00	2215.00	10617.00	4037.00	840022.00	7916.00	736.00	71971.00	700.00	1849.00	2826.00	737.00	149148.00	823.00	4611.00	1894.00	25968.00	4003.00	1204298.00	9566.00	78214.00	55030.00	4040.00	128658.00	282983.00	2214.00	183236.00	4227.00	5320.00	10442.00	10150.00	439.00	1077.00	303.00	45854.00	162320.00	8538.00	8403.00	20164.00	14393.00	2611314.00	2201.00	15797.00	2226.00	2263.00	5728.00	580.00	30240.00	40160.00	4271.00	86627.00	1766.00	53357.00	1210.00	872121.00	2530.00	353311.00	8107.00	6085.00	19984.00	2156.00	382.00	27347.00	11203.00	2296.00	179.00	44462.00	989.00	1851.00	33896.00
421728	White wine type and source:Chardonnay, Carneros, CA 2003 (CH01)	9158.00	3150.00	67521.00	4100.00	582.00	1988.00	729.00	16115.00	240116.00	1977.00	48592.00	6225.00	1683.00	7667.00	32079.00	1798.00	3188.00	12366.00	2898.00	1100.00	9391.00	710.00	16004.00	86478.00	6666.00	46272.00	1021.00	8879.00	93033.00	248372.00	12509.00	189797.00	1290.00	1619.00	164705.00	122996.00	3127.00	4985.00	212112.00	1365.00	10577.00	3644.00	800864.00	8543.00	792.00	67405.00	752.00	1787.00	2814.00	797.00	183393.00	946.00	4671.00	2386.00	24122.00	4135.00	1131713.00	5390.00	74773.00	52129.00	4403.00	131868.00	273949.00	2293.00	123782.00	5710.00	5931.00	11185.00	10490.00	543.00	962.00	230.00	50504.00	160802.00	8640.00	11287.00	18317.00	12789.00	2813347.00	540.00	17040.00	2161.00	2328.00	5643.00	439.00	28510.00	44062.00	4958.00	82837.00	1838.00	55097.00	905.00	816182.00	2518.00	353337.00	7752.00	6318.00	16270.00	1655.00	560.00	28733.00	5072.00	1930.00	143.00	41716.00	970.00	1852.00	32772.00
421732	White wine type and source:Chardonnay, Carneros, CA 2003 (CH01)	12347.00	875.00	59946.00	3744.00	438.00	1617.00	1575.00	14230.00	259905.00	1925.00	47900.00	6721.00	1191.00	7775.00	26284.00	1333.00	3202.00	10862.00	1266.00	892.00	8418.00	352.00	14809.00	84910.00	4552.00	45320.00	3214.00	8462.00	90579.00	287407.00	11964.00	185307.00	1063.00	2679.00	26999.00	118605.00	2570.00	4347.00	226711.00	2122.00	11723.00	3325.00	576924.00	8331.00	1121.00	68092.00	576.00	1673.00	2337.00	500.00	192184.00	889.00	4311.00	2281.00	23566.00	3591.00	1301183.00	5218.00	76093.00	48182.00	3845.00	129363.00	279758.00	2156.00	160735.00	5314.00	5369.00	11847.00	10281.00	388.00	319.00	132.00	38712.00	141644.00	5200.00	8086.00	17476.00	12052.00	2879867.00	1498.00	15723.00	2269.00	2188.00	5657.00	288.00	25274.00	41156.00	4350.00	95176.00	1796.00	34858.00	859.00	904666.00	2332.00	338063.00	7342.00	5555.00	16857.00	1372.00	360.00	24974.00	6567.00	3435.00	142.00	42632.00	826.00	1902.00	34121.00
421736	White wine type and source:Chardonnay, Carneros, CA 2003 (CH01)	9941.00	3795.00	61457.00	4257.00	568.00	2192.00	2042.00	15688.00	240843.00	2306.00	50095.00	6509.00	1455.00	7924.00	28936.00	1409.00	3200.00	11249.00	3184.00	1454.00	12037.00	568.00	15216.00	90037.00	5434.00	49436.00	3012.00	9603.00	84173.00	267640.00	12546.00	186900.00	1815.00	1403.00	25195.00	123320.00	3662.00	5121.00	216924.00	1199.00	11033.00	3136.00	962652.00	9588.00	1356.00	63917.00	756.00	2116.00	3129.00	696.00	185604.00	1195.00	4770.00	3631.00	23147.00	3480.00	1114496.00	6881.00	73343.00	52378.00	4044.00	126128.00	260908.00	3918.00	140459.00	506.00	5502.00	13264.00	11431.00	617.00	1297.00	368.00	51628.00	151720.00	9737.00	11179.00	16739.00	14211.00	2779480.00	2586.00	16031.00	2258.00	2395.00	5431.00	786.00	28831.00	41234.00	7106.00	93533.00	2120.00	58994.00	1001.00	815645.00	2093.00	338324.00	7127.00	5488.00	18254.00	2233.00	704.00	29153.00	4538.00	2527.00	254.00	41355.00	1021.00	1934.00	31187.00
421740	White wine type and source:Chardonnay, Carneros, CA 2003 (CH01)	11059.00	1606.00	66112.00	4456.00	426.00	1836.00	745.00	15872.00	260934.00	2281.00	42258.00	7809.00	1092.00	7716.00	29015.00	1799.00	2683.00	10995.00	1023.00	1196.00	11219.00	618.00	15004.00	95684.00	5209.00	50110.00	2294.00	9851.00	97394.00	305726.00	12681.00	192158.00	1633.00	1515.00	26292.00	137151.00	3324.00	4797.00	256725.00	2805.00	11587.00	2362.00	334959.00	9639.00	589.00	63283.00	693.00	2271.00	2828.00	678.00	202650.00	738.00	4621.00	3020.00	22477.00	4132.00	1370759.00	5508.00	74807.00	56064.00	4437.00	109649.00	290837.00	2703.00	165850.00	7126.00	5362.00	14017.00	12082.00	556.00	764.00	268.00	54190.00	158770.00	8095.00	8244.00	18990.00	12189.00	2839947.00	2635.00	17548.00	2354.00	2322.00	6063.00	1052.00	23575.00	43601.00	6442.00	97066.00	2068.00	54102.00	948.00	878421.00	2534.00	314246.00	7487.00	6268.00	18741.00	1751.00	419.00	29747.00	4652.00	2257.00	185.00	41284.00	1065.00	2158.00	34102.00
421744	White wine type and source:Chardonnay, Carneros, CA 2003 (CH01)	11585.00	1856.00	67257.00	4635.00	580.00	2294.00	1549.00	15890.00	247404.00	2411.00	54585.00	7774.00	1755.00	8831.00	30670.00	2655.00	2596.00	12023.00	5217.00	1239.00	13937.00	836.00	17235.00	103755.00	5697.00	56952.00	177.00	10292.00	92397.00	259527.00	14146.00	199703.00	1837.00	1630.00	27115.00	134237.00	3907.00	5344.00	268825.00	2840.00	12123.00	2983.00	612612.00	10178.00	1661.00	69327.00	832.00	2361.00	2652.00	725.00	188884.00	787.00	5079.00	3542.00	24888.00	4013.00	1142429.00	21185.00	74548.00	58028.00	4347.00	131937.00	265860.00	3273.00	170919.00	7377.00	5924.00	12074.00	12948.00	518.00	1084.00	389.00	46734.00	163485.00	9175.00	7629.00	20678.00	14101.00	2686552.00	3551.00	17124.00	2448.00	2627.00	6417.00	782.00	31120.00	48129.00	6984.00	90524.00	2244.00	62617.00	1461.00	898714.00	2613.00	366072.00	8251.00	6147.00	18011.00	2377.00	567.00	31295.00	8989.00	2763.00	214.00	43756.00	1027.00	1843.00	33939.00
421749	White wine type and source:Chardonnay, Carneros, CA 2003 (CH02)	10976.00	2347.00	60278.00	3910.00	649.00	1373.00	1941.00	16294.00	331021.00	1355.00	38806.00	7051.00	1248.00	8413.00	39301.00	2303.00	2657.00	12928.00	1160.00	918.00	14514.00	450.00	15150.00	75787.00	7496.00	51011.00	1197.00	8725.00	84572.00	126479.00	13568.00	258944.00	2124.00	1445.00	23886.00	112189.00	3743.00	7712.00	57438.00	2296.00	12951.00	2685.00	685048.00	8909.00	1559.00	92840.00	2169.00	2383.00	2380.00	869.00	202154.00	1295.00	4956.00	3311.00	32488.00	3370.00	1413909.00	15315.00	103886.00	74855.00	4569.00	58754.00	289342.00	3435.00	212233.00	8262.00	7543.00	13811.00	11525.00	532.00	869.00	168.00	83274.00	163176.00	8701.00	6506.00	25178.00	9333.00	2917441.00	2837.00	22853.00	1924.00	2545.00	5830.00	337.00	31306.00	37396.00	7814.00	84450.00	3130.00	43740.00	1082.00	797738.00	2646.00	429009.00	7704.00	4985.00	23015.00	1888.00	114.00	32545.00	7478.00	4779.00	204.00	53665.00	874.00	2348.00	29169.00
421753	White wine type and source:Chardonnay, Carneros, CA 2003 (CH02)	11663.00	2165.00	70875.00	4858.00	600.00	1618.00	2321.00	21089.00	335072.00	1840.00	39679.00	8117.00	1146.00	8792.00	47976.00	1557.00	3883.00	16110.00	781.00	1296.00	8653.00	651.00	18724.00	86889.00	8455.00	50545.00	896.00	9905.00	97783.00	129328.00	13931.00	311885.00	1029.00	1735.00	22978.00	122044.00	3201.00	8107.00	60808.00	2341.00	14465.00	4175.00	852093.00	7577.00	1616.00	107706.00	2128.00	1729.00	3766.00	714.00	160777.00	832.00	5274.00	1820.00	41667.00	3896.00	1246955.00	3358.00	124414.00	80086.00	4988.00	72556.00	296879.00	795.00	214325.00	4043.00	9041.00	13350.00	11069.00	505.00	1048.00	185.00	87681.00	197420.00	8605.00	11404.00	31108.00	13804.00	2688248.00	2963.00	24958.00	1776.00	2880.00	7271.00	473.00	42616.00	41669.00	4004.00	71148.00	2974.00	36739.00	1429.00	809822.00	2310.00	395868.00	9583.00	5951.00	28288.00	1293.00	120.00	39914.00	5532.00	4673.00	493.00	66580.00	1100.00	2382.00	34342.00
421757	White wine type and source:Chardonnay, Carneros, CA 2003 (CH02)	12424.00	2027.00	70915.00	4638.00	503.00	1369.00	2382.00	20867.00	311693.00	1875.00	39018.00	8249.00	1560.00	9997.00	49049.00	1419.00	4080.00	15945.00	1151.00	1002.00	15916.00	593.00	18163.00	89548.00	9348.00	58986.00	1421.00	10030.00	98086.00	138320.00	15290.00	300584.00	2295.00	1935.00	25864.00	133631.00	4528.00	9525.00	64262.00	631.00	15277.00	5434.00	570853.00	10446.00	1259.00	102475.00	2575.00	2204.00	3480.00	1045.00	188115.00	842.00	5953.00	4184.00	36506.00	3783.00	1226849.00	5165.00	118494.00	92660.00	5660.00	69892.00	276424.00	3717.00	221264.00	2348.00	8691.00	15536.00	13789.00	775.00	796.00	122.00	104854.00	165455.00	7277.00	10843.00	32382.00	12928.00	2784782.00	3729.00	25882.00	2137.00	3138.00	6896.00	783.00	34376.00	45251.00	9080.00	76706.00	3818.00	47623.00	1248.00	897985.00	2109.00	456464.00	8662.00	5900.00	24993.00	1792.00	193.00	41435.00	6593.00	3901.00	597.00	60367.00	1408.00	2456.00	34851.00
421761	White wine type and source:Chardonnay, Carneros, CA 2003 (CH02)	13364.00	1964.00	70742.00	4708.00	206.00	1572.00	2271.00	18519.00	312192.00	2031.00	39512.00	8671.00	1581.00	9097.00	47837.00	1676.00	4145.00	16301.00	1125.00	1070.00	15512.00	601.00	18867.00	95085.00	9281.00	58173.00	273.00	10910.00	90326.00	142748.00	15031.00	308254.00	2377.00	1978.00	27353.00	138261.00	4337.00	8902.00	65583.00	10610.00	15339.00	4024.00	555234.00	10344.00	1469.00	108599.00	2509.00	2360.00	3463.00	999.00	190433.00	622.00	5680.00	4288.00	38508.00	3826.00	1218225.00	1374.00	119710.00	91113.00	5039.00	76388.00	283171.00	3924.00	148109.00	2929.00	9340.00	14653.00	13059.00	746.00	794.00	133.00	99375.00	183521.00	6560.00	7789.00	30018.00	12551.00	2816460.00	849.00	26285.00	1662.00	3211.00	6471.00	866.00	40847.00	45625.00	8447.00	74727.00	4255.00	41448.00	1435.00	925511.00	2525.00	451948.00	8949.00	5732.00	28358.00	1896.00	210.00	45560.00	5111.00	3663.00	590.00	61252.00	1385.00	2458.00	32045.00
421765	White wine type and source:Chardonnay, Carneros, CA 2003 (CH02)	11889.00	3343.00	73578.00	4824.00	615.00	1451.00	2477.00	22440.00	317662.00	2048.00	41703.00	8490.00	1623.00	9202.00	48268.00	2116.00	4078.00	15999.00	1284.00	1053.00	14893.00	620.00	18822.00	89167.00	9753.00	55361.00	1564.00	10128.00	95391.00	138091.00	14610.00	316294.00	2111.00	1833.00	25593.00	132222.00	4065.00	9151.00	64618.00	2437.00	14800.00	9609.00	463856.00	10624.00	1390.00	105797.00	2295.00	2157.00	3372.00	872.00	197885.00	863.00	5526.00	2005.00	38915.00	3899.00	1256408.00	6265.00	120921.00	89161.00	5291.00	74043.00	291126.00	2937.00	168623.00	8043.00	9765.00	15921.00	12651.00	714.00	1055.00	202.00	108549.00	199091.00	7412.00	8289.00	31129.00	13420.00	2966462.00	1022.00	25602.00	2067.00	3204.00	7116.00	884.00	36599.00	46151.00	7770.00	78495.00	3634.00	42745.00	1312.00	768527.00	3034.00	466662.00	9423.00	5605.00	22530.00	1865.00	151.00	40720.00	6378.00	3610.00	408.00	60910.00	1218.00	2541.00	33842.00
421769	White wine type and source:Chardonnay, Carneros, CA 2003 (CH02)	12568.00	2195.00	69558.00	4462.00	599.00	1486.00	2092.00	18347.00	360054.00	1739.00	38438.00	8651.00	1367.00	9753.00	45366.00	1864.00	3278.00	14490.00	2006.00	1022.00	15322.00	563.00	16965.00	87562.00	7797.00	56627.00	243.00	9157.00	95667.00	141477.00	13966.00	298330.00	1939.00	7610.00	25366.00	133139.00	3983.00	8468.00	66060.00	2749.00	15329.00	4131.00	512929.00	9703.00	1952.00	108217.00	2138.00	2101.00	2936.00	824.00	207120.00	907.00	5279.00	3699.00	37750.00	3964.00	1402173.00	17505.00	124803.00	94668.00	5108.00	63046.00	314756.00	3498.00	223557.00	7657.00	8515.00	16133.00	12543.00	591.00	1061.00	143.00	71313.00	181068.00	5977.00	8521.00	29971.00	13186.00	2685862.00	2710.00	26755.00	2357.00	2952.00	7079.00	548.00	37989.00	39795.00	8521.00	82941.00	3630.00	36357.00	1000.00	850442.00	2126.00	402657.00	8780.00	5820.00	23317.00	1830.00	195.00	40199.00	6109.00	4689.00	325.00	62148.00	1222.00	2769.00	33855.00
421774	White wine type and source:Chardonnay, Carneros, CA 2004	8697.00	1887.00	74761.00	3144.00	373.00	2582.00	2018.00	16352.00	129322.00	1959.00	25025.00	4977.00	1378.00	5541.00	17702.00	2729.00	4351.00	10789.00	3081.00	1924.00	26303.00	903.00	23621.00	28435.00	1563.00	37082.00	1839.00	14570.00	123487.00	409448.00	10264.00	53720.00	1571.00	1010.00	14575.00	80791.00	2936.00	708.00	290625.00	816.00	6605.00	1607.00	797806.00	11374.00	902.00	44025.00	172.00	2349.00	1901.00	992.00	184736.00	1179.00	2722.00	3110.00	15391.00	3452.00	1036841.00	2896.00	58151.00	41251.00	3610.00	40912.00	291765.00	9446.00	333335.00	466.00	4230.00	9458.00	10371.00	508.00	933.00	303.00	15064.00	75960.00	8720.00	12802.00	13098.00	5987.00	2902041.00	2262.00	13124.00	2159.00	1379.00	4355.00	432.00	14908.00	34059.00	8377.00	102247.00	1040.00	63650.00	793.00	1056205.00	2076.00	291781.00	7495.00	4651.00	10613.00	15582.00	1454.00	19381.00	6221.00	1464.00	107.00	26460.00	739.00	1524.00	26010.00
421778	White wine type and source:Chardonnay, Carneros, CA 2004	9724.00	925.00	74915.00	3299.00	534.00	2696.00	1147.00	16222.00	128708.00	2241.00	24268.00	4522.00	1369.00	6078.00	17439.00	1183.00	2720.00	12660.00	2315.00	2592.00	26788.00	1343.00	25558.00	27466.00	1250.00	36179.00	2263.00	12895.00	126771.00	415308.00	10167.00	56504.00	1552.00	1052.00	14683.00	85275.00	2801.00	789.00	285728.00	1741.00	6207.00	3247.00	1115267.00	10508.00	1785.00	50225.00	222.00	1658.00	1894.00	933.00	171024.00	1096.00	2863.00	3116.00	16852.00	3472.00	975596.00	10272.00	56285.00	40751.00	4553.00	43495.00	267275.00	8958.00	308410.00	320.00	4156.00	11523.00	10378.00	393.00	241.00	124.00	10264.00	73522.00	3951.00	7383.00	13091.00	5217.00	2691309.00	1925.00	17164.00	2142.00	1405.00	4671.00	382.00	18620.00	33628.00	8150.00	92257.00	1002.00	31304.00	742.00	1070687.00	1859.00	318493.00	8007.00	4719.00	10918.00	16329.00	1453.00	18489.00	5139.00	3112.00	124.00	30511.00	648.00	1400.00	24351.00
421782	White wine type and source:Chardonnay, Carneros, CA 2004	9880.00	1077.00	87113.00	3712.00	384.00	3126.00	1505.00	16838.00	119177.00	3320.00	29820.00	5773.00	1276.00	7457.00	21700.00	2495.00	4922.00	14387.00	4342.00	2449.00	34448.00	1901.00	29873.00	35949.00	1598.00	46072.00	796.00	16203.00	146237.00	360790.00	12189.00	63851.00	1934.00	1048.00	231177.00	97423.00	2976.00	1125.00	285854.00	6144.00	7197.00	2860.00	582608.00	14290.00	2371.00	56056.00	285.00	2572.00	2213.00	1196.00	188888.00	989.00	3752.00	3910.00	19195.00	4135.00	816995.00	11743.00	61676.00	47298.00	5523.00	49332.00	251472.00	11205.00	378710.00	1397.00	4846.00	13158.00	13276.00	488.00	447.00	188.00	11478.00	97633.00	11049.00	38768.00	14706.00	5768.00	2642879.00	3446.00	20150.00	2575.00	2042.00	5160.00	556.00	23217.00	44107.00	10119.00	102896.00	1287.00	100638.00	1260.00	1198601.00	2764.00	380277.00	9979.00	5536.00	12886.00	20416.00	2049.00	24635.00	12868.00	3128.00	202.00	33914.00	1032.00	1467.00	28737.00
421786	White wine type and source:Chardonnay, Carneros, CA 2004	9541.00	2244.00	93519.00	3866.00	484.00	3251.00	2594.00	14069.00	115566.00	3522.00	31345.00	6810.00	1723.00	6455.00	21564.00	2915.00	4727.00	15115.00	4249.00	2256.00	37094.00	1912.00	32802.00	37936.00	1560.00	45644.00	113.00	18176.00	127092.00	327196.00	12476.00	68078.00	2171.00	1359.00	156131.00	99713.00	4650.00	1195.00	297550.00	998.00	8288.00	2908.00	457934.00	14801.00	1213.00	57957.00	286.00	2622.00	2847.00	1484.00	197748.00	1365.00	4020.00	4680.00	18710.00	4481.00	845998.00	12728.00	68405.00	50609.00	4387.00	56125.00	269709.00	11777.00	400277.00	8763.00	5347.00	13624.00	14732.00	373.00	852.00	218.00	17058.00	107859.00	12115.00	40699.00	17463.00	7371.00	2714324.00	3301.00	15266.00	2985.00	1827.00	6224.00	769.00	16831.00	44842.00	12351.00	105903.00	1290.00	72100.00	975.00	1213052.00	2301.00	393158.00	9875.00	6154.00	14637.00	20563.00	1952.00	28403.00	5675.00	1830.00	140.00	32012.00	1130.00	1908.00	29615.00
421790	White wine type and source:Chardonnay, Carneros, CA 2004	8927.00	1740.00	76314.00	3263.00	339.00	2625.00	399.00	18001.00	141241.00	2246.00	26185.00	4814.00	1240.00	4930.00	18662.00	1909.00	2721.00	12710.00	1438.00	1937.00	21016.00	926.00	26681.00	28070.00	1678.00	37325.00	3393.00	13406.00	133960.00	400229.00	9003.00	60366.00	1052.00	1165.00	34425.00	89645.00	2873.00	839.00	282479.00	2069.00	6264.00	2204.00	886792.00	9993.00	1027.00	53732.00	281.00	1992.00	2176.00	918.00	185546.00	908.00	2836.00	2121.00	17425.00	3871.00	1097553.00	8025.00	65804.00	41648.00	4042.00	45517.00	302836.00	6807.00	331818.00	5154.00	4711.00	11492.00	9915.00	437.00	868.00	378.00	14303.00	78421.00	9506.00	8103.00	14571.00	6406.00	2521866.00	1306.00	12615.00	2524.00	1708.00	5201.00	476.00	16454.00	33522.00	6112.00	94507.00	1004.00	53336.00	609.00	1147914.00	2345.00	349395.00	8206.00	4767.00	14947.00	11248.00	1597.00	19592.00	6929.00	1373.00	110.00	29284.00	731.00	1391.00	25274.00
421794	White wine type and source:Chardonnay, Carneros, CA 2004	7518.00	995.00	66876.00	3200.00	461.00	1943.00	1840.00	14582.00	120373.00	1825.00	23507.00	3718.00	1072.00	5101.00	16858.00	1724.00	3920.00	11377.00	2461.00	1671.00	19900.00	752.00	23794.00	25631.00	1591.00	36277.00	2345.00	11665.00	111728.00	400359.00	8719.00	49309.00	910.00	979.00	78915.00	74191.00	2066.00	725.00	254068.00	1888.00	6570.00	2077.00	1263344.00	10594.00	602.00	41511.00	260.00	2153.00	1797.00	894.00	180776.00	937.00	2744.00	1998.00	13934.00	3658.00	965885.00	3084.00	52123.00	38060.00	3781.00	40214.00	271059.00	6710.00	310075.00	4853.00	3977.00	10658.00	9468.00	451.00	533.00	152.00	12495.00	66630.00	5804.00	11205.00	11705.00	5611.00	2789080.00	1887.00	12212.00	2082.00	1536.00	4501.00	342.00	14938.00	31224.00	5210.00	87264.00	991.00	42358.00	726.00	979306.00	1699.00	314745.00	6973.00	4293.00	10635.00	11837.00	1390.00	18542.00	4725.00	1403.00	119.00	24920.00	631.00	1405.00	21623.00
421799	White wine type and source:Chardonnay, Monterey, CA 2003	8539.00	1641.00	61095.00	5915.00	491.00	760.00	1587.00	22235.00	397380.00	2644.00	34938.00	5208.00	1133.00	7406.00	50279.00	1483.00	4091.00	17443.00	3737.00	1563.00	1366.00	1438.00	9846.00	92113.00	13988.00	36262.00	961.00	7331.00	59514.00	54018.00	10192.00	336497.00	535.00	1002.00	16126.00	70204.00	2192.00	2575.00	182031.00	3134.00	13650.00	2991.00	2276029.00	4030.00	1316.00	79343.00	505.00	1740.00	4524.00	1983.00	132387.00	734.00	4323.00	1471.00	17827.00	3131.00	124823.00	5264.00	61911.00	42522.00	3006.00	293437.00	281499.00	1101.00	136673.00	1589.00	2213.00	8563.00	8874.00	302.00	1041.00	206.00	80607.00	451632.00	8102.00	16466.00	15198.00	7847.00	2548947.00	1703.00	14746.00	2184.00	1721.00	4479.00	713.00	39692.00	47312.00	2002.00	59730.00	1040.00	41663.00	882.00	651008.00	2020.00	304469.00	6818.00	4672.00	21390.00	415.00	1421.00	40930.00	18975.00	4794.00	281.00	42170.00	348.00	2793.00	14014.00
421803	White wine type and source:Chardonnay, Monterey, CA 2003	9320.00	3497.00	71016.00	6169.00	609.00	663.00	2398.00	21651.00	480591.00	2744.00	38424.00	6083.00	1392.00	16663.00	59257.00	2266.00	2884.00	19517.00	2247.00	2295.00	2875.00	1960.00	11615.00	122961.00	14631.00	48440.00	2170.00	9036.00	64049.00	67215.00	9647.00	394206.00	1284.00	1396.00	16906.00	100490.00	3119.00	3453.00	222092.00	1731.00	18106.00	1445.00	638088.00	6475.00	2293.00	88564.00	809.00	813.00	4233.00	2906.00	181343.00	938.00	5268.00	3279.00	19802.00	3145.00	144456.00	15951.00	71699.00	52453.00	3876.00	349345.00	346242.00	1811.00	99926.00	3622.00	5315.00	9687.00	11712.00	525.00	942.00	280.00	140269.00	506652.00	8815.00	8921.00	17995.00	9311.00	3271704.00	2438.00	16757.00	2220.00	1851.00	4899.00	798.00	44146.00	59370.00	4431.00	73473.00	1514.00	52062.00	2394.00	690693.00	4738.00	337047.00	8185.00	5115.00	23916.00	1704.00	1683.00	50177.00	8115.00	4261.00	197.00	46281.00	403.00	2639.00	16765.00
421807	White wine type and source:Chardonnay, Monterey, CA 2003	9788.00	2885.00	67203.00	6312.00	463.00	895.00	1915.00	16640.00	446916.00	2847.00	37598.00	6150.00	1248.00	14417.00	54571.00	1614.00	3273.00	18486.00	3127.00	2163.00	2720.00	1865.00	11517.00	122311.00	20348.00	47048.00	85.00	8734.00	71527.00	68659.00	10644.00	384763.00	1308.00	1318.00	14548.00	105555.00	3645.00	3596.00	228401.00	2096.00	15653.00	4668.00	691649.00	6186.00	2177.00	88644.00	668.00	2209.00	4614.00	2723.00	171009.00	1065.00	5297.00	3878.00	18758.00	3088.00	126051.00	5210.00	67072.00	54523.00	3553.00	347679.00	330598.00	1783.00	107380.00	3988.00	4914.00	13256.00	11649.00	480.00	1284.00	203.00	97568.00	506502.00	8543.00	7599.00	19003.00	9394.00	3321343.00	646.00	16159.00	2257.00	1946.00	4878.00	719.00	39807.00	57203.00	4494.00	73738.00	1243.00	53226.00	1533.00	746724.00	2240.00	340228.00	7404.00	4966.00	20172.00	1568.00	1681.00	51917.00	2621.00	3946.00	214.00	45758.00	570.00	2806.00	15252.00
421811	White wine type and source:Chardonnay, Monterey, CA 2003	10602.00	1047.00	79029.00	7484.00	602.00	1013.00	1725.00	29104.00	497994.00	3489.00	41197.00	6666.00	1247.00	12153.00	62392.00	2324.00	4474.00	21889.00	835.00	3878.00	2274.00	2892.00	13266.00	138457.00	16889.00	49809.00	1221.00	9567.00	67584.00	72898.00	14157.00	435939.00	909.00	1211.00	23941.00	100871.00	3368.00	3471.00	256995.00	2142.00	18385.00	5347.00	526041.00	6160.00	2607.00	100086.00	796.00	1565.00	4910.00	2821.00	163793.00	897.00	5800.00	2610.00	22316.00	3793.00	145898.00	16433.00	74995.00	54950.00	4491.00	367509.00	357670.00	1740.00	96059.00	2680.00	2494.00	9239.00	12895.00	414.00	633.00	140.00	107220.00	603146.00	4621.00	8510.00	14977.00	10735.00	2930969.00	563.00	19485.00	2502.00	2182.00	5367.00	865.00	53251.00	61178.00	3196.00	78760.00	1180.00	33248.00	1153.00	823222.00	2598.00	371792.00	9204.00	5855.00	24762.00	903.00	1548.00	53905.00	24090.00	2252.00	353.00	57837.00	641.00	2324.00	19042.00
421815	White wine type and source:Chardonnay, Monterey, CA 2003	9166.00	3357.00	72039.00	6771.00	626.00	742.00	2240.00	19334.00	478120.00	3110.00	28582.00	6381.00	1428.00	17227.00	61443.00	1776.00	2661.00	19284.00	2591.00	1746.00	1801.00	2028.00	12077.00	125874.00	16154.00	47279.00	2100.00	9046.00	69878.00	69170.00	9907.00	394319.00	748.00	1349.00	16816.00	101930.00	2699.00	3613.00	223003.00	1682.00	18569.00	2720.00	794373.00	5636.00	1249.00	91473.00	683.00	2271.00	4613.00	2512.00	175678.00	511.00	5871.00	2047.00	19466.00	3391.00	132021.00	3249.00	71322.00	53261.00	3471.00	318578.00	343972.00	1578.00	112193.00	2299.00	5365.00	10287.00	12058.00	461.00	771.00	217.00	139812.00	541553.00	9056.00	4592.00	18698.00	9356.00	3061465.00	390.00	17024.00	2396.00	2024.00	5331.00	777.00	43945.00	58496.00	3186.00	68769.00	1132.00	50163.00	2497.00	760646.00	3877.00	353899.00	5232.00	5280.00	19235.00	598.00	1757.00	50184.00	8799.00	4173.00	202.00	46859.00	497.00	2878.00	15051.00
421819	White wine type and source:Chardonnay, Monterey, CA 2003	7901.00	2022.00	57029.00	5334.00	378.00	745.00	1678.00	17986.00	469770.00	2145.00	32463.00	5237.00	971.00	14739.00	48730.00	1581.00	2636.00	15068.00	1417.00	1986.00	1821.00	1095.00	9375.00	111466.00	13374.00	44697.00	851.00	7728.00	59866.00	62030.00	8627.00	323993.00	1053.00	1167.00	15751.00	104243.00	3071.00	3161.00	210785.00	1713.00	15065.00	2343.00	1248700.00	5442.00	1641.00	71630.00	566.00	2113.00	3521.00	2713.00	173304.00	810.00	4474.00	3396.00	14821.00	2897.00	142742.00	13527.00	59662.00	46366.00	3261.00	322119.00	334345.00	1690.00	108213.00	2744.00	4287.00	10044.00	10864.00	445.00	855.00	168.00	123212.00	411912.00	8496.00	6378.00	15432.00	7272.00	3260962.00	2889.00	14934.00	2109.00	1675.00	4376.00	694.00	31256.00	48925.00	3867.00	75020.00	1294.00	51839.00	2022.00	609492.00	2329.00	316328.00	6283.00	4442.00	16694.00	1432.00	1902.00	43085.00	4800.00	3440.00	76.00	36613.00	365.00	2634.00	14337.00
421824	White wine type and source:Chardonnay, Napa, CA 2003	9419.00	1328.00	40510.00	3178.00	414.00	1570.00	919.00	11001.00	186493.00	1100.00	35726.00	4323.00	1511.00	11961.00	28474.00	1989.00	3140.00	12017.00	1247.00	2578.00	12102.00	1100.00	20237.00	38030.00	1228.00	45101.00	2074.00	8378.00	56198.00	109086.00	12327.00	228642.00	1877.00	986.00	13963.00	103333.00	2658.00	574.00	255118.00	1703.00	10482.00	3089.00	951606.00	8992.00	438.00	77469.00	1260.00	2413.00	3868.00	720.00	235893.00	2074.00	3518.00	4444.00	32348.00	2937.00	1682812.00	14007.00	105278.00	64444.00	2839.00	15874.00	235018.00	2892.00	504908.00	10226.00	6247.00	11387.00	12236.00	561.00	808.00	95.00	9837.00	133393.00	12827.00	8706.00	22591.00	7472.00	2279543.00	3068.00	10360.00	5311.00	2129.00	6578.00	419.00	19702.00	43757.00	6117.00	73392.00	1503.00	73820.00	914.00	667532.00	2215.00	458379.00	7142.00	5731.00	14176.00	1989.00	2660.00	36842.00	9504.00	1546.00	29.00	53505.00	454.00	1900.00	30192.00
421828	White wine type and source:Chardonnay, Napa, CA 2003	9927.00	1254.00	43173.00	2881.00	677.00	1044.00	1950.00	9688.00	203756.00	1187.00	30549.00	4439.00	1696.00	2084.00	28906.00	2449.00	3846.00	12345.00	1319.00	2486.00	10563.00	1040.00	21865.00	37859.00	1252.00	45440.00	125.00	8756.00	63717.00	121794.00	14733.00	241849.00	1603.00	862.00	18226.00	106554.00	3742.00	561.00	280197.00	1794.00	10819.00	2602.00	1125374.00	8984.00	1526.00	81630.00	1458.00	2461.00	3787.00	960.00	256261.00	1623.00	3857.00	4453.00	32874.00	3097.00	1980790.00	7337.00	100339.00	66258.00	2989.00	16796.00	204008.00	3254.00	571575.00	8703.00	6328.00	10981.00	13788.00	437.00	682.00	262.00	10537.00	146025.00	8031.00	10395.00	22827.00	7224.00	1612217.00	2556.00	11156.00	5544.00	2575.00	6196.00	565.00	21018.00	51480.00	5430.00	73513.00	1641.00	58742.00	1123.00	638995.00	2047.00	492249.00	7120.00	5899.00	18092.00	2053.00	2217.00	39196.00	7076.00	3209.00	173.00	55355.00	550.00	1913.00	30652.00
421832	White wine type and source:Chardonnay, Napa, CA 2003	9378.00	1326.00	46142.00	3254.00	790.00	1647.00	2547.00	12430.00	185469.00	2028.00	37023.00	5718.00	2022.00	11586.00	35355.00	3147.00	8676.00	12162.00	11179.00	2166.00	9934.00	1319.00	24008.00	43062.00	1642.00	44687.00	776.00	8859.00	54858.00	119615.00	13958.00	225921.00	1816.00	1105.00	14603.00	109625.00	4013.00	811.00	251501.00	2035.00	10495.00	2562.00	877710.00	9739.00	999.00	79242.00	1604.00	2408.00	5288.00	1116.00	216208.00	1474.00	4211.00	3964.00	35678.00	3290.00	1399231.00	5013.00	114135.00	71592.00	2766.00	17970.00	241001.00	3264.00	490251.00	7916.00	7530.00	12147.00	13038.00	416.00	903.00	589.00	17112.00	159908.00	9312.00	15557.00	25836.00	6678.00	2423176.00	3076.00	11464.00	5746.00	2613.00	6883.00	630.00	26774.00	48075.00	5984.00	59471.00	1876.00	65393.00	1014.00	777718.00	2482.00	483561.00	7453.00	6695.00	18126.00	1969.00	2820.00	40806.00	12655.00	1549.00	318.00	56206.00	524.00	2078.00	31353.00
421836	White wine type and source:Chardonnay, Napa, CA 2003	11741.00	1345.00	55621.00	3807.00	574.00	1644.00	1930.00	11539.00	186988.00	1277.00	41911.00	4621.00	2363.00	10522.00	34377.00	3144.00	4998.00	14414.00	11703.00	2561.00	15398.00	2026.00	25760.00	50415.00	1787.00	49632.00	739.00	10012.00	68680.00	120409.00	14739.00	253155.00	2521.00	1344.00	16310.00	122069.00	4163.00	791.00	274325.00	11514.00	9804.00	1712.00	719328.00	11445.00	938.00	90754.00	1672.00	2377.00	4576.00	922.00	228170.00	1932.00	5145.00	5712.00	37618.00	3708.00	1542740.00	11016.00	116278.00	80386.00	3439.00	19353.00	223483.00	4518.00	524472.00	10667.00	7058.00	14305.00	16023.00	769.00	944.00	420.00	9076.00	185631.00	12184.00	15113.00	26423.00	8242.00	2116922.00	980.00	12579.00	5947.00	3009.00	7371.00	449.00	25415.00	53082.00	7013.00	78180.00	1791.00	88651.00	1766.00	725396.00	2289.00	519405.00	8133.00	7346.00	20280.00	2461.00	3100.00	45993.00	17084.00	1611.00	358.00	59160.00	755.00	2306.00	35049.00
421840	White wine type and source:Chardonnay, Napa, CA 2003	6150.00	1570.00	49772.00	3318.00	515.00	1428.00	1596.00	11694.00	169315.00	1882.00	40454.00	4582.00	2139.00	11406.00	36674.00	1931.00	4224.00	13523.00	10111.00	2494.00	12367.00	1652.00	25466.00	42852.00	1518.00	44390.00	443.00	9384.00	71035.00	107349.00	14930.00	251326.00	2347.00	1258.00	14561.00	100432.00	4036.00	730.00	238006.00	483.00	9869.00	1955.00	1468103.00	9644.00	653.00	88103.00	1737.00	2430.00	4779.00	904.00	213262.00	1931.00	4411.00	5030.00	35041.00	3490.00	1418056.00	15587.00	107231.00	71802.00	3125.00	19265.00	210682.00	3513.00	553353.00	1976.00	8009.00	12412.00	13906.00	691.00	791.00	484.00	10273.00	156538.00	10980.00	14926.00	26865.00	7396.00	1837996.00	904.00	11153.00	5552.00	2665.00	7137.00	651.00	27524.00	48707.00	7015.00	60832.00	1616.00	75517.00	1787.00	763905.00	4593.00	465658.00	7645.00	6972.00	22950.00	2194.00	2762.00	43803.00	16367.00	1554.00	508.00	57195.00	563.00	2558.00	30742.00
421844	White wine type and source:Chardonnay, Napa, CA 2003	9566.00	2343.00	49619.00	3365.00	545.00	1742.00	2459.00	13178.00	182887.00	2014.00	39814.00	5504.00	1782.00	13280.00	34892.00	2972.00	8194.00	13540.00	7561.00	2397.00	13628.00	1447.00	24565.00	44523.00	1472.00	52272.00	250.00	10441.00	63188.00	113726.00	14402.00	223000.00	2524.00	1306.00	16206.00	117879.00	4445.00	677.00	265311.00	9284.00	12151.00	2241.00	800586.00	10891.00	624.00	85272.00	1918.00	2426.00	4818.00	1229.00	222905.00	2385.00	4847.00	5208.00	37880.00	3550.00	1339283.00	5443.00	116516.00	80775.00	3070.00	18484.00	232542.00	3801.00	570245.00	11664.00	8452.00	11828.00	14878.00	854.00	844.00	527.00	13611.00	163356.00	11520.00	17144.00	28580.00	8453.00	2338418.00	4004.00	11867.00	5751.00	2769.00	6964.00	584.00	27302.00	51864.00	7146.00	74264.00	1849.00	66835.00	1522.00	774083.00	3216.00	495233.00	7854.00	6720.00	19335.00	2714.00	2944.00	46665.00	1522.00	1742.00	341.00	59129.00	659.00	1875.00	31926.00
421849	White wine type and source:Chardonnay, SE Australia, 2004	14063.00	2445.00	40223.00	2996.00	600.00	4227.00	2222.00	12318.00	285760.00	1960.00	86826.00	8462.00	1579.00	11918.00	31751.00	2978.00	3198.00	8407.00	4527.00	2262.00	14535.00	1224.00	12578.00	127784.00	10349.00	46447.00	537.00	6143.00	64858.00	401666.00	15726.00	179719.00	1517.00	1314.00	576665.00	191086.00	3208.00	5350.00	817509.00	3807.00	14703.00	3716.00	723261.00	9458.00	970.00	58191.00	274.00	2181.00	2935.00	579.00	196873.00	23775.00	5732.00	3545.00	12438.00	3634.00	188514.00	8708.00	46380.00	36139.00	2818.00	254830.00	88739.00	6461.00	117680.00	4666.00	3297.00	9310.00	9188.00	769.00	477.00	289.00	97644.00	247598.00	9066.00	12882.00	11769.00	10040.00	1809503.00	3502.00	15181.00	1742.00	2336.00	5600.00	549.00	31737.00	28492.00	7054.00	106459.00	550.00	66133.00	1395.00	510850.00	21739.00	305903.00	6687.00	5615.00	16926.00	6462.00	1837.00	32251.00	8340.00	2156.00	254.00	32445.00	336.00	2733.00	30466.00
421853	White wine type and source:Chardonnay, SE Australia, 2004	13735.00	2590.00	36266.00	2890.00	365.00	4256.00	1613.00	11252.00	286181.00	1407.00	83499.00	8055.00	997.00	10024.00	30000.00	1618.00	4042.00	7985.00	1033.00	2818.00	11391.00	819.00	12327.00	107457.00	7666.00	43665.00	32.00	5329.00	63092.00	384357.00	16917.00	197704.00	1301.00	1286.00	40276.00	191559.00	2694.00	4685.00	761051.00	3427.00	12574.00	3407.00	1040822.00	8185.00	1512.00	59278.00	209.00	1563.00	2242.00	454.00	191563.00	18930.00	4981.00	2284.00	12530.00	3579.00	246204.00	4660.00	44929.00	32459.00	2964.00	277514.00	64689.00	5511.00	101802.00	5254.00	3208.00	10584.00	7508.00	466.00	486.00	144.00	79801.00	251259.00	6107.00	6719.00	11934.00	7226.00	1826581.00	2001.00	15109.00	1534.00	2227.00	5113.00	261.00	28861.00	27209.00	5753.00	113401.00	399.00	36033.00	1415.00	615393.00	345472.00	282582.00	8121.00	5384.00	17330.00	4872.00	1283.00	28240.00	949.00	2195.00	54.00	32519.00	270.00	2872.00	25742.00
421857	White wine type and source:Chardonnay, SE Australia, 2004	12968.00	2206.00	38774.00	2762.00	542.00	4642.00	2367.00	9825.00	278703.00	1755.00	66592.00	8575.00	1564.00	11303.00	30522.00	2777.00	3441.00	8045.00	4611.00	1834.00	13036.00	1253.00	12395.00	119174.00	9969.00	45433.00	205.00	5733.00	59697.00	393964.00	16254.00	211115.00	1671.00	5190.00	524655.00	186818.00	3350.00	4996.00	813051.00	3489.00	14123.00	2885.00	735063.00	9222.00	860.00	55346.00	216.00	2152.00	2843.00	452.00	187919.00	21172.00	5490.00	2933.00	12165.00	3861.00	177479.00	9093.00	45481.00	35607.00	2942.00	256110.00	100908.00	6860.00	147561.00	5217.00	3112.00	10256.00	8626.00	841.00	686.00	231.00	87296.00	243902.00	8952.00	12705.00	11854.00	10208.00	1911732.00	494.00	14459.00	1830.00	2508.00	4985.00	300.00	32052.00	27082.00	7071.00	100423.00	529.00	68679.00	1472.00	499623.00	23663.00	318819.00	7165.00	5498.00	17714.00	6737.00	1571.00	32347.00	8142.00	1480.00	232.00	31840.00	401.00	2692.00	27510.00
421861	White wine type and source:Chardonnay, SE Australia, 2004	14254.00	2369.00	44869.00	3517.00	371.00	4954.00	2094.00	13939.00	336612.00	1744.00	96880.00	9924.00	1571.00	12468.00	39649.00	2614.00	3107.00	10162.00	4355.00	2500.00	16831.00	1538.00	14951.00	75851.00	9011.00	55637.00	1508.00	6446.00	71480.00	325501.00	17607.00	235730.00	1951.00	5663.00	44181.00	214248.00	3681.00	6131.00	722058.00	2563.00	19256.00	3215.00	485129.00	11871.00	1289.00	68780.00	286.00	2285.00	3351.00	509.00	219864.00	31293.00	6097.00	3645.00	14432.00	4485.00	238527.00	5436.00	54352.00	40724.00	3240.00	308401.00	115648.00	8144.00	78121.00	2359.00	3902.00	11659.00	9892.00	522.00	925.00	220.00	69815.00	290250.00	10634.00	15175.00	14348.00	12003.00	2154844.00	3824.00	16641.00	1798.00	2725.00	6104.00	447.00	38514.00	31968.00	8794.00	116267.00	867.00	67648.00	2727.00	700640.00	89592.00	331348.00	9217.00	6737.00	20734.00	8200.00	1766.00	39306.00	9035.00	2657.00	174.00	38367.00	384.00	3511.00	35976.00
421865	White wine type and source:Chardonnay, SE Australia, 2004	14189.00	2197.00	41038.00	3029.00	643.00	4592.00	1778.00	11870.00	321094.00	1697.00	90935.00	8536.00	1108.00	10283.00	33695.00	1862.00	4385.00	8500.00	1323.00	2152.00	10727.00	1240.00	13136.00	118838.00	9644.00	47058.00	2980.00	5650.00	67800.00	413941.00	17148.00	217252.00	1131.00	4586.00	32884.00	201155.00	3025.00	5409.00	812098.00	3554.00	13417.00	5549.00	567338.00	8392.00	1347.00	60520.00	202.00	1709.00	2376.00	467.00	210479.00	17371.00	5522.00	2111.00	12668.00	3913.00	238603.00	1865.00	48803.00	34122.00	3544.00	289886.00	81592.00	5148.00	129655.00	1684.00	3412.00	9871.00	8781.00	534.00	649.00	236.00	74708.00	260770.00	8574.00	12101.00	12063.00	8279.00	1940750.00	2321.00	16367.00	1673.00	2479.00	5571.00	467.00	30659.00	27339.00	5397.00	126365.00	565.00	43497.00	1174.00	642830.00	309816.00	245527.00	8259.00	6029.00	16800.00	4924.00	1271.00	31453.00	1337.00	2113.00	74.00	34351.00	275.00	3712.00	33401.00
421869	White wine type and source:Chardonnay, SE Australia, 2004	12584.00	1209.00	45497.00	3591.00	399.00	4743.00	2166.00	13890.00	323503.00	1875.00	90614.00	9168.00	1493.00	12333.00	38265.00	2208.00	2973.00	9073.00	4018.00	2066.00	13756.00	1463.00	14873.00	131450.00	10149.00	50519.00	28.00	6667.00	73802.00	272298.00	17646.00	234360.00	1405.00	1591.00	37104.00	206497.00	3286.00	5868.00	718344.00	3970.00	17027.00	3112.00	694654.00	9938.00	929.00	67578.00	259.00	2203.00	3197.00	492.00	204282.00	20149.00	5860.00	2954.00	14435.00	4325.00	245212.00	5695.00	51437.00	39958.00	3446.00	289752.00	118444.00	6670.00	85630.00	6340.00	4168.00	10494.00	9909.00	718.00	883.00	337.00	89947.00	296096.00	8553.00	14351.00	13667.00	11060.00	2015943.00	465.00	18367.00	1772.00	2849.00	6531.00	561.00	37540.00	31869.00	6315.00	126814.00	630.00	63458.00	2083.00	725466.00	94289.00	342808.00	9192.00	6242.00	21117.00	6382.00	1671.00	35495.00	9586.00	2168.00	223.00	36050.00	455.00	3720.00	39708.00
421874	White wine type and source:Elevage Blanc, Napa, CA 2004	10552.00	4185.00	160041.00	12673.00	675.00	3508.00	4239.00	6670.00	158776.00	11346.00	34512.00	6040.00	1764.00	11214.00	25719.00	3458.00	7089.00	3565.00	8995.00	1529.00	94086.00	849.00	20938.00	10893.00	812.00	31460.00	1650.00	45840.00	101370.00	191451.00	20657.00	50270.00	3517.00	1021.00	15459.00	83338.00	3495.00	1075.00	218925.00	8134.00	8158.00	4563.00	1192997.00	10393.00	4046.00	57397.00	993.00	3063.00	4239.00	654.00	309368.00	1203.00	6539.00	4668.00	28583.00	3661.00	1116599.00	9595.00	94141.00	59970.00	7343.00	12813.00	116847.00	14547.00	229274.00	15680.00	6173.00	11949.00	11680.00	448.00	1325.00	593.00	5586.00	81665.00	19282.00	21770.00	20287.00	13179.00	1012950.00	1748.00	27368.00	3326.00	3056.00	8545.00	701.00	21126.00	21015.00	29115.00	80819.00	644.00	156567.00	2666.00	2053126.00	2493.00	724284.00	17957.00	13145.00	13552.00	28030.00	2518.00	28559.00	22265.00	3215.00	273.00	42246.00	3288.00	3357.00	21853.00
421878	White wine type and source:Elevage Blanc, Napa, CA 2004	10102.00	4879.00	164087.00	13423.00	1227.00	3988.00	4059.00	5998.00	136243.00	10229.00	12907.00	5748.00	2473.00	10655.00	28086.00	2406.00	10583.00	3056.00	1150.00	1821.00	91499.00	908.00	21699.00	11270.00	871.00	31767.00	6053.00	49805.00	115405.00	189623.00	17672.00	52823.00	2947.00	1058.00	19063.00	90144.00	3371.00	1049.00	232729.00	1886.00	8668.00	5322.00	1469607.00	9424.00	3461.00	59835.00	877.00	2630.00	4656.00	640.00	307466.00	1217.00	6225.00	4143.00	27942.00	3922.00	1114097.00	9683.00	93153.00	64528.00	6674.00	13135.00	119869.00	13163.00	143644.00	4356.00	6666.00	13529.00	11697.00	655.00	1705.00	176.00	8129.00	78292.00	18928.00	20131.00	21910.00	13175.00	1033299.00	1571.00	25611.00	2790.00	2922.00	9106.00	1235.00	18546.00	25267.00	24840.00	89304.00	798.00	162337.00	1192.00	1834396.00	5440.00	732060.00	17502.00	12197.00	12116.00	25953.00	2762.00	27503.00	16681.00	2509.00	144.00	41858.00	3044.00	3382.00	24121.00
421882	White wine type and source:Elevage Blanc, Napa, CA 2004	10163.00	2192.00	162999.00	12515.00	1374.00	3868.00	1005.00	6055.00	150344.00	10206.00	33835.00	5979.00	2199.00	13709.00	28473.00	2470.00	11727.00	2951.00	819.00	2706.00	87850.00	1410.00	20334.00	12409.00	500.00	30646.00	7074.00	46637.00	101407.00	194595.00	20930.00	51512.00	3161.00	1299.00	14719.00	85829.00	3349.00	1061.00	215190.00	731.00	9154.00	3735.00	1243982.00	8666.00	4028.00	58700.00	774.00	3446.00	3323.00	663.00	304016.00	1260.00	5879.00	4176.00	31285.00	3705.00	1204169.00	7245.00	94106.00	62028.00	8188.00	12683.00	116564.00	14828.00	160923.00	4435.00	5152.00	15492.00	12225.00	486.00	456.00	214.00	5745.00	79033.00	13009.00	19472.00	20119.00	11737.00	998985.00	1801.00	33196.00	2951.00	3227.00	9169.00	880.00	22726.00	23603.00	25844.00	85567.00	660.00	135352.00	1081.00	2065886.00	2090.00	707742.00	18551.00	13159.00	16376.00	28026.00	2396.00	28590.00	18759.00	5256.00	301.00	49137.00	2589.00	3349.00	23157.00
421886	White wine type and source:Elevage Blanc, Napa, CA 2004	7517.00	2406.00	127097.00	10763.00	875.00	2992.00	2869.00	6198.00	141471.00	7994.00	27305.00	2924.00	2439.00	7796.00	23493.00	2073.00	7910.00	2757.00	3602.00	1077.00	48376.00	728.00	16665.00	7853.00	710.00	24298.00	4740.00	34754.00	95897.00	152398.00	13670.00	43311.00	1380.00	699.00	13747.00	66233.00	1832.00	716.00	192879.00	1309.00	6165.00	4758.00	2143908.00	6201.00	1522.00	46915.00	472.00	2193.00	3516.00	460.00	277515.00	1243.00	4711.00	1970.00	22107.00	3104.00	1321639.00	6861.00	84321.00	47089.00	5278.00	10709.00	78828.00	7210.00	132275.00	6760.00	5524.00	8656.00	7965.00	543.00	1384.00	317.00	6594.00	59768.00	16648.00	40190.00	16939.00	11004.00	866897.00	1414.00	19621.00	2324.00	2398.00	7387.00	603.00	14624.00	15907.00	12047.00	70218.00	418.00	121759.00	1155.00	1948256.00	1162.00	596590.00	13828.00	10451.00	15559.00	12472.00	1726.00	20051.00	14094.00	1501.00	206.00	34246.00	2006.00	2818.00	18100.00
421890	White wine type and source:Elevage Blanc, Napa, CA 2004	8213.00	3048.00	133173.00	11185.00	719.00	2908.00	3187.00	6079.00	141068.00	7498.00	30729.00	5851.00	1352.00	8701.00	23765.00	2649.00	7921.00	3177.00	1013.00	1080.00	58483.00	867.00	15908.00	8665.00	857.00	25330.00	4224.00	36369.00	89042.00	160746.00	14412.00	44204.00	2030.00	945.00	14698.00	71751.00	2349.00	860.00	188709.00	1469.00	6948.00	6655.00	2036326.00	6583.00	2091.00	47406.00	659.00	2310.00	3550.00	590.00	293430.00	771.00	3873.00	2627.00	22838.00	3011.00	1275655.00	8437.00	83879.00	49248.00	5300.00	10012.00	87038.00	9580.00	163827.00	8969.00	5557.00	9971.00	9598.00	548.00	1483.00	362.00	7914.00	62189.00	18552.00	16791.00	18858.00	10523.00	897109.00	1198.00	20972.00	2157.00	2422.00	7695.00	1032.00	13890.00	17151.00	16834.00	69545.00	543.00	127623.00	1309.00	1966959.00	2750.00	579104.00	14253.00	10653.00	13693.00	17480.00	1926.00	21229.00	17118.00	1924.00	254.00	33125.00	2108.00	3166.00	19411.00
421649	White wine type and source:Fume Blanc, Napa, CA 2004	9457.00	1580.00	140005.00	10785.00	1018.00	2711.00	3153.00	6158.00	158179.00	6905.00	23967.00	4453.00	2435.00	9474.00	22801.00	1952.00	9741.00	3120.00	2913.00	1278.00	64621.00	908.00	16535.00	7916.00	567.00	28886.00	4515.00	26994.00	98632.00	130697.00	13184.00	47888.00	2305.00	672.00	14680.00	75681.00	2658.00	1049.00	219525.00	747.00	6908.00	3378.00	1373613.00	10644.00	2852.00	51557.00	587.00	3429.00	2876.00	719.00	371594.00	1351.00	5271.00	3314.00	23625.00	3541.00	1482561.00	11376.00	86737.00	54092.00	5513.00	11188.00	97270.00	11309.00	159023.00	9291.00	5568.00	11104.00	11021.00	538.00	882.00	181.00	5420.00	65624.00	14738.00	30204.00	18166.00	11389.00	1010523.00	1701.00	24295.00	1811.00	2561.00	9507.00	787.00	13766.00	20223.00	21157.00	98198.00	655.00	102441.00	1598.00	1939981.00	3905.00	708352.00	15020.00	10878.00	6734.00	21369.00	3376.00	20911.00	12158.00	2926.00	252.00	37377.00	1691.00	3596.00	16156.00
421653	White wine type and source:Fume Blanc, Napa, CA 2004	10639.00	1915.00	132151.00	10191.00	873.00	2553.00	3265.00	5157.00	137134.00	6588.00	23384.00	4796.00	2851.00	9148.00	21742.00	2415.00	5380.00	3256.00	1674.00	1598.00	80261.00	780.00	16561.00	8117.00	570.00	30145.00	5112.00	25300.00	99400.00	140485.00	14462.00	47188.00	3294.00	1365.00	12292.00	78810.00	3114.00	1160.00	227142.00	679.00	7879.00	4040.00	1715074.00	11339.00	1282.00	48911.00	719.00	3715.00	3317.00	895.00	368862.00	1596.00	4342.00	4685.00	21702.00	3303.00	1395568.00	6995.00	74308.00	53822.00	6092.00	10127.00	70663.00	13678.00	180974.00	11611.00	5604.00	11694.00	11602.00	695.00	1104.00	401.00	3779.00	64671.00	20095.00	20457.00	18697.00	10903.00	764956.00	1454.00	24245.00	1894.00	2818.00	9748.00	710.00	12706.00	20241.00	25051.00	115496.00	573.00	132560.00	1263.00	1907071.00	3165.00	693928.00	13983.00	11017.00	10412.00	26444.00	3588.00	23397.00	12448.00	2302.00	197.00	33953.00	1581.00	3285.00	15330.00
421657	White wine type and source:Fume Blanc, Napa, CA 2004	10696.00	766.00	154172.00	12449.00	836.00	3170.00	4157.00	10350.00	141394.00	10050.00	21498.00	6595.00	2058.00	10799.00	24465.00	3384.00	18182.00	3369.00	22726.00	1634.00	87747.00	1179.00	20796.00	10053.00	769.00	28764.00	458.00	30766.00	107529.00	136348.00	20583.00	56406.00	4078.00	1108.00	16010.00	88716.00	3578.00	1322.00	236038.00	1925.00	8218.00	5702.00	1562661.00	13614.00	2689.00	54895.00	885.00	3756.00	4000.00	744.00	333746.00	1212.00	5630.00	4988.00	27699.00	4256.00	971538.00	9025.00	80901.00	58991.00	8572.00	12137.00	117367.00	16228.00	233825.00	9745.00	4848.00	16144.00	14238.00	511.00	730.00	863.00	3243.00	87918.00	20104.00	49893.00	18248.00	11520.00	759612.00	2330.00	34822.00	2273.00	3446.00	10792.00	762.00	22259.00	22878.00	28215.00	106318.00	558.00	183149.00	2913.00	2053812.00	2912.00	749441.00	17163.00	13051.00	13025.00	30153.00	3901.00	26511.00	19039.00	4064.00	194.00	45346.00	2277.00	3274.00	18160.00
421661	White wine type and source:Fume Blanc, Napa, CA 2004	10098.00	5430.00	157794.00	12362.00	1094.00	3553.00	4456.00	6872.00	143372.00	8783.00	26055.00	5563.00	1745.00	10145.00	27691.00	3276.00	17117.00	3118.00	10068.00	1339.00	76227.00	900.00	20127.00	10204.00	1189.00	35193.00	4166.00	29043.00	106915.00	139885.00	15144.00	55506.00	2951.00	1281.00	20568.00	92471.00	3472.00	1427.00	241071.00	2806.00	8397.00	5435.00	1184800.00	13519.00	2779.00	58162.00	794.00	2133.00	4303.00	668.00	340712.00	1191.00	6495.00	3919.00	26426.00	3897.00	1148020.00	10002.00	92198.00	59614.00	6130.00	12402.00	111928.00	13316.00	151006.00	12029.00	6508.00	15468.00	12816.00	627.00	2726.00	682.00	8883.00	83207.00	23356.00	39455.00	20157.00	12963.00	1018878.00	2083.00	25005.00	2340.00	3171.00	10535.00	474.00	17407.00	24264.00	24090.00	99848.00	794.00	178985.00	1705.00	2077901.00	1687.00	749809.00	16331.00	13229.00	12929.00	25227.00	4023.00	26284.00	16255.00	2576.00	226.00	38879.00	2309.00	3803.00	17885.00
421665	White wine type and source:Fume Blanc, Napa, CA 2004	9479.00	949.00	130013.00	10781.00	0	2991.00	0	0	143470.00	6474.00	23220.00	6298.00	0	0	21102.00	2036.00	5052.00	2972.00	503.00	0	77194.00	0	17843.00	0	0	29813.00	0	25895.00	105892.00	132640.00	15607.00	48813.00	0	1065.00	17347.00	78138.00	3144.00	1342.00	0	346.00	8172.00	4434.00	1946474.00	0	0	54375.00	670.00	0	2392.00	0	392788.00	1224.00	0	3586.00	21863.00	3547.00	1422665.00	5624.00	75891.00	53986.00	6050.00	9844.00	0	0	198710.00	0	5246.00	17551.00	11723.00	0	616.00	0	0	0	8720.00	21546.00	17062.00	11519.00	754746.00	1239.00	26438.00	0	2758.00	9239.00	0	15210.00	21234.00	24068.00	106101.00	0	69863.00	0	2013983.00	0	747388.00	15129.00	11051.00	10303.00	25870.00	3559.00	23601.00	11368.00	4469.00	0	35545.00	1735.00	3363.00	15371.00
421669	White wine type and source:Fume Blanc, Napa, CA 2004	9730.00	2743.00	133333.00	10372.00	859.00	2732.00	1568.00	2866.00	150481.00	7188.00	22967.00	4662.00	2650.00	8449.00	22557.00	2655.00	8075.00	2646.00	3951.00	1215.00	66822.00	1011.00	15790.00	8946.00	549.00	28205.00	2886.00	25801.00	98571.00	131229.00	14364.00	48744.00	2520.00	1345.00	14585.00	77260.00	2844.00	1270.00	215374.00	3995.00	6900.00	4246.00	1551698.00	11136.00	1409.00	47709.00	593.00	2052.00	2857.00	813.00	361966.00	848.00	1977.00	3572.00	21402.00	3497.00	1479934.00	9358.00	79538.00	52154.00	5414.00	9178.00	106980.00	12010.00	235881.00	9428.00	5238.00	11229.00	10889.00	544.00	1583.00	207.00	6977.00	66560.00	16600.00	30804.00	17509.00	10933.00	962704.00	1317.00	23499.00	1878.00	2824.00	8588.00	929.00	13596.00	20447.00	21605.00	104287.00	727.00	137325.00	1935.00	1769129.00	2017.00	699929.00	13827.00	11442.00	12624.00	23506.00	3137.00	25425.00	14750.00	2052.00	269.00	33187.00	1671.00	3366.00	16525.00
421549	White wine type and source:Pinot gris, Napa, CA 2004	14887.00	2478.00	69757.00	4976.00	1049.00	2744.00	1717.00	10299.00	309760.00	1350.00	116728.00	3619.00	1950.00	24519.00	28388.00	1704.00	18776.00	7881.00	1682.00	5374.00	21520.00	3240.00	22705.00	144030.00	13279.00	52331.00	5654.00	13691.00	71276.00	264448.00	17720.00	419385.00	3129.00	1419.00	44515.00	169170.00	4675.00	1776.00	371379.00	1093.00	12225.00	2995.00	1378988.00	9269.00	633.00	76449.00	388.00	2052.00	3198.00	962.00	357017.00	1060.00	6610.00	4645.00	13363.00	3440.00	297880.00	7428.00	55218.00	39819.00	4458.00	449651.00	89500.00	4025.00	83046.00	10689.00	3502.00	15823.00	18285.00	622.00	968.00	347.00	133589.00	215708.00	17602.00	20353.00	14216.00	6560.00	1302646.00	509.00	17967.00	3387.00	2314.00	6999.00	442.00	15674.00	14879.00	13009.00	82661.00	480.00	98083.00	2765.00	978547.00	3426.00	629370.00	8940.00	9647.00	16392.00	4847.00	1528.00	27032.00	8477.00	3485.00	165.00	34206.00	509.00	3434.00	22650.00
421553	White wine type and source:Pinot gris, Napa, CA 2004	12951.00	3027.00	69122.00	5407.00	737.00	2578.00	2788.00	10116.00	325800.00	1708.00	53904.00	4183.00	2302.00	23695.00	29678.00	2456.00	16019.00	7770.00	1636.00	4634.00	22373.00	3040.00	21793.00	160067.00	14315.00	51399.00	152.00	14367.00	64287.00	281155.00	14110.00	415665.00	2913.00	1759.00	45155.00	187927.00	5314.00	1863.00	355897.00	1151.00	12822.00	3820.00	1269342.00	10169.00	1131.00	66175.00	441.00	3945.00	3294.00	831.00	374554.00	1110.00	7398.00	4043.00	12944.00	2934.00	307040.00	9780.00	56383.00	41605.00	4612.00	380412.00	90514.00	3720.00	82838.00	11226.00	3627.00	14920.00	17027.00	636.00	1389.00	312.00	181031.00	219175.00	17472.00	19570.00	15255.00	6851.00	1427891.00	920.00	18394.00	3853.00	2108.00	6792.00	232.00	17037.00	14206.00	12321.00	82940.00	476.00	117500.00	3308.00	910542.00	3452.00	670715.00	8075.00	8815.00	15557.00	4497.00	1655.00	30997.00	8522.00	2766.00	202.00	34064.00	545.00	3812.00	25158.00
421557	White wine type and source:Pinot gris, Napa, CA 2004	10367.00	4955.00	66217.00	4369.00	1070.00	2637.00	3327.00	8582.00	355326.00	1121.00	99860.00	2921.00	2951.00	24212.00	28307.00	3912.00	17612.00	7706.00	1519.00	5317.00	21051.00	2215.00	20367.00	138213.00	13557.00	48400.00	6558.00	12660.00	52588.00	255447.00	16185.00	389888.00	2494.00	1455.00	66201.00	167275.00	4380.00	1971.00	364275.00	1810.00	12474.00	2859.00	1540904.00	9137.00	1636.00	64918.00	703.00	3315.00	3347.00	982.00	371411.00	992.00	6818.00	4463.00	13069.00	3141.00	297447.00	8180.00	56801.00	39213.00	4357.00	311845.00	84289.00	4433.00	70550.00	10540.00	3781.00	12977.00	16344.00	631.00	1600.00	385.00	150535.00	207854.00	19886.00	20146.00	13060.00	6652.00	1408001.00	1492.00	16487.00	2700.00	1958.00	6970.00	428.00	16636.00	13498.00	12570.00	79986.00	1005.00	125804.00	2886.00	861201.00	2778.00	659223.00	8730.00	8435.00	15162.00	4816.00	1495.00	28785.00	9222.00	4261.00	171.00	35032.00	623.00	2613.00	20474.00
421561	White wine type and source:Pinot gris, Napa, CA 2004	12253.00	3406.00	75967.00	5334.00	975.00	2935.00	1739.00	13128.00	263507.00	2855.00	102966.00	5643.00	2384.00	23430.00	32399.00	4434.00	19139.00	9346.00	8668.00	4879.00	26571.00	4155.00	24769.00	165336.00	15177.00	51236.00	288.00	16954.00	56625.00	213867.00	18212.00	464633.00	3643.00	2010.00	45051.00	179219.00	5358.00	2122.00	366139.00	2877.00	13688.00	5141.00	1251262.00	9970.00	1296.00	75070.00	668.00	3729.00	2276.00	831.00	338808.00	1105.00	8074.00	5153.00	14718.00	3585.00	221637.00	9810.00	59773.00	50868.00	4819.00	412291.00	175313.00	7108.00	72017.00	3937.00	3732.00	12987.00	19930.00	924.00	1006.00	174.00	169854.00	205028.00	24222.00	24089.00	15384.00	7501.00	1439705.00	871.00	17588.00	4033.00	2263.00	7204.00	256.00	20600.00	15526.00	14535.00	81615.00	574.00	187418.00	3426.00	1012349.00	4627.00	531726.00	9629.00	10548.00	14493.00	5513.00	1812.00	32896.00	15665.00	4139.00	136.00	34214.00	701.00	3475.00	24220.00
421565	White wine type and source:Pinot gris, Napa, CA 2004	10888.00	3921.00	61527.00	4547.00	995.00	2330.00	3688.00	10631.00	348983.00	1260.00	103895.00	2869.00	2847.00	22598.00	27363.00	3070.00	17522.00	7937.00	1965.00	4527.00	19493.00	2239.00	19846.00	136718.00	14856.00	46475.00	70.00	12525.00	56722.00	240681.00	13419.00	393972.00	2670.00	1782.00	37613.00	161168.00	4398.00	1521.00	361009.00	3835.00	11770.00	4124.00	1496527.00	7612.00	1411.00	68172.00	555.00	3975.00	3180.00	1148.00	379003.00	1090.00	6827.00	3555.00	13124.00	3048.00	302252.00	6943.00	56504.00	40152.00	4346.00	325898.00	74143.00	5729.00	68844.00	10350.00	3365.00	13437.00	14823.00	721.00	1670.00	285.00	166036.00	213664.00	18423.00	16087.00	13169.00	6438.00	1456356.00	2062.00	16542.00	2944.00	2155.00	6326.00	471.00	17711.00	13346.00	13635.00	84577.00	1087.00	131479.00	2873.00	884652.00	3300.00	655698.00	7944.00	8912.00	14765.00	3876.00	1525.00	30022.00	9967.00	3035.00	244.00	33235.00	844.00	3152.00	20828.00
421569	White wine type and source:Pinot gris, Napa, CA 2004	9856.00	1926.00	75410.00	5177.00	798.00	3115.00	3237.00	10017.00	337537.00	2304.00	113887.00	4380.00	2471.00	24300.00	30987.00	3402.00	17310.00	8730.00	3379.00	4232.00	18219.00	3815.00	22307.00	158809.00	16954.00	52527.00	235.00	14996.00	64622.00	284415.00	18173.00	434158.00	2573.00	1348.00	39828.00	168799.00	5171.00	1723.00	411929.00	2341.00	12233.00	5430.00	1108334.00	8445.00	1234.00	65700.00	357.00	3338.00	2588.00	859.00	391592.00	1542.00	7086.00	3393.00	12792.00	3477.00	313059.00	11261.00	56858.00	45181.00	4477.00	377578.00	83283.00	4774.00	78707.00	8503.00	3910.00	16518.00	19371.00	749.00	770.00	431.00	175854.00	229516.00	11770.00	22771.00	15643.00	6380.00	1412339.00	2751.00	18616.00	2991.00	2385.00	6963.00	540.00	13992.00	14143.00	11609.00	84242.00	521.00	85664.00	3116.00	903057.00	3862.00	737898.00	8814.00	10000.00	15290.00	2859.00	1742.00	30429.00	9570.00	2598.00	157.00	34257.00	787.00	3266.00	25077.00
421524	White wine type and source:Pinot gris, Oregon 2003	12111.00	2367.00	106165.00	4946.00	743.00	3872.00	3684.00	10211.00	172101.00	2909.00	70293.00	4016.00	1565.00	9154.00	34886.00	1298.00	6484.00	5595.00	1110.00	2853.00	10168.00	3599.00	16168.00	125508.00	3674.00	41582.00	1528.00	18015.00	69629.00	509947.00	18567.00	192093.00	1233.00	1273.00	491873.00	124502.00	2551.00	3059.00	794780.00	1740.00	11470.00	3567.00	897042.00	9326.00	706.00	67305.00	851.00	3185.00	4516.00	2425.00	258066.00	1330.00	6600.00	2004.00	21098.00	2209.00	107645.00	8016.00	74963.00	56152.00	4483.00	417873.00	120613.00	5473.00	84624.00	4607.00	4905.00	12571.00	16338.00	479.00	2028.00	359.00	33132.00	148732.00	11700.00	12300.00	20007.00	6302.00	945595.00	1759.00	16931.00	12512.00	1095.00	11303.00	953.00	21852.00	14157.00	7568.00	75506.00	1092.00	67812.00	2094.00	877755.00	3399.00	580771.00	7623.00	7547.00	15348.00	6673.00	2463.00	25608.00	18331.00	2529.00	272.00	42484.00	953.00	2503.00	25167.00
421528	White wine type and source:Pinot gris, Oregon 2003	10957.00	3826.00	96933.00	4507.00	682.00	3479.00	3063.00	8291.00	159724.00	2038.00	61481.00	3487.00	2740.00	9180.00	29646.00	4184.00	5774.00	4264.00	4864.00	3406.00	16823.00	2896.00	14087.00	124480.00	3612.00	41986.00	95.00	18692.00	49928.00	621450.00	18935.00	160661.00	1799.00	1514.00	665606.00	135922.00	4032.00	3415.00	792888.00	4802.00	10577.00	3339.00	1006641.00	10909.00	921.00	57875.00	840.00	3377.00	3186.00	2369.00	274547.00	1947.00	6384.00	3538.00	17870.00	1995.00	94061.00	11321.00	62400.00	48416.00	4222.00	361604.00	100299.00	8042.00	78026.00	917.00	4318.00	9021.00	17110.00	608.00	796.00	428.00	33017.00	117308.00	16850.00	15869.00	16940.00	4973.00	860665.00	2108.00	16076.00	13035.00	943.00	9225.00	844.00	17586.00	14630.00	12132.00	70935.00	1211.00	117535.00	2054.00	810534.00	3979.00	511043.00	5643.00	6956.00	10998.00	12271.00	2737.00	25959.00	12854.00	1948.00	298.00	36113.00	838.00	2647.00	21006.00
421532	White wine type and source:Pinot gris, Oregon 2003	11625.00	4676.00	100556.00	4778.00	1048.00	3902.00	3085.00	8226.00	166610.00	2115.00	66102.00	5270.00	1935.00	9663.00	31755.00	3718.00	5224.00	4179.00	6309.00	3326.00	14052.00	2843.00	15531.00	125062.00	3424.00	42044.00	2688.00	19643.00	67513.00	624285.00	21893.00	182137.00	1731.00	1165.00	307015.00	123114.00	4337.00	3120.00	776595.00	944.00	11630.00	4085.00	1097530.00	11017.00	1146.00	63330.00	752.00	2129.00	3225.00	2465.00	276789.00	1378.00	6472.00	2856.00	18737.00	2083.00	100702.00	4690.00	66366.00	53010.00	4173.00	413958.00	81844.00	6342.00	43510.00	6770.00	4609.00	9208.00	15623.00	436.00	2613.00	417.00	30674.00	134952.00	19449.00	17877.00	17384.00	4735.00	933686.00	1821.00	15096.00	13005.00	977.00	9634.00	613.00	19995.00	14482.00	10768.00	72167.00	1134.00	126716.00	905.00	828337.00	3883.00	552884.00	7084.00	7470.00	12447.00	9845.00	2133.00	27159.00	12026.00	2326.00	223.00	39373.00	840.00	2676.00	25081.00
421536	White wine type and source:Pinot gris, Oregon 2003	12059.00	6183.00	100358.00	4215.00	1091.00	3617.00	3533.00	8447.00	169573.00	2127.00	63077.00	5306.00	3031.00	9761.00	30118.00	2504.00	5835.00	3925.00	3812.00	3375.00	16841.00	2858.00	14950.00	119780.00	3684.00	40780.00	1375.00	17622.00	62424.00	619130.00	19576.00	171420.00	2439.00	1479.00	523793.00	124102.00	3994.00	3415.00	798408.00	6216.00	11559.00	3932.00	1076642.00	9670.00	892.00	57663.00	809.00	3223.00	3157.00	2253.00	275220.00	1491.00	6570.00	3137.00	18724.00	1925.00	104442.00	11120.00	64938.00	48869.00	4286.00	385296.00	86247.00	6740.00	65628.00	2492.00	4491.00	8881.00	16570.00	551.00	1868.00	472.00	33602.00	118410.00	18772.00	14625.00	15683.00	5553.00	914145.00	594.00	15693.00	12147.00	790.00	8836.00	624.00	18225.00	13891.00	12183.00	67344.00	1461.00	121785.00	1855.00	781862.00	3657.00	526104.00	5745.00	6534.00	9644.00	11130.00	2472.00	27050.00	11421.00	2302.00	171.00	39208.00	873.00	2855.00	21933.00
421540	White wine type and source:Pinot gris, Oregon 2003	12571.00	5142.00	106231.00	5035.00	781.00	4210.00	2907.00	9107.00	161115.00	2438.00	68189.00	4001.00	1848.00	9611.00	32835.00	3968.00	4934.00	5820.00	7167.00	3873.00	17942.00	3256.00	15003.00	127142.00	3993.00	45221.00	1666.00	19344.00	64303.00	628711.00	19892.00	194778.00	2023.00	1461.00	16558.00	132507.00	4324.00	3528.00	828720.00	7739.00	11715.00	3971.00	1083022.00	10698.00	1107.00	64443.00	759.00	2456.00	3389.00	2651.00	287544.00	1737.00	6723.00	3500.00	19552.00	1915.00	99666.00	7207.00	67332.00	51999.00	4886.00	429976.00	77800.00	7623.00	42959.00	7129.00	4864.00	11426.00	18895.00	497.00	2492.00	386.00	30491.00	135428.00	20879.00	18061.00	18004.00	5830.00	914768.00	2222.00	17468.00	12433.00	981.00	9803.00	465.00	18561.00	14133.00	15622.00	80104.00	1628.00	135567.00	2125.00	888667.00	4306.00	580887.00	7225.00	7812.00	10914.00	12576.00	2602.00	27330.00	12342.00	2158.00	203.00	40806.00	909.00	2623.00	23779.00
421544	White wine type and source:Pinot gris, Oregon 2003	12335.00	2202.00	106950.00	5202.00	734.00	3820.00	3332.00	10647.00	167441.00	2596.00	64886.00	3687.00	1638.00	9412.00	33993.00	2713.00	6657.00	5324.00	852.00	2933.00	11271.00	3614.00	15968.00	123769.00	4164.00	43785.00	1367.00	18005.00	59142.00	481179.00	19336.00	187726.00	1233.00	1139.00	506905.00	132369.00	3796.00	3186.00	805961.00	1998.00	11818.00	4168.00	933731.00	9429.00	1326.00	67738.00	836.00	2486.00	6016.00	2196.00	248732.00	1143.00	6677.00	2263.00	20803.00	2220.00	103434.00	8596.00	72490.00	53202.00	4658.00	429432.00	118232.00	5112.00	88252.00	4517.00	4771.00	9410.00	17426.00	489.00	1910.00	333.00	34164.00	143810.00	14076.00	12026.00	18255.00	6315.00	926380.00	1917.00	18236.00	13185.00	898.00	9933.00	791.00	19551.00	15057.00	8407.00	68322.00	1168.00	64295.00	2183.00	891917.00	9668.00	559519.00	7430.00	7264.00	13909.00	8055.00	2232.00	27478.00	16931.00	2405.00	222.00	42554.00	892.00	2699.00	25320.00
421574	White wine type and source:Riesling, CA 2004	18681.00	1655.00	40195.00	2804.00	720.00	8373.00	2473.00	12888.00	376576.00	1194.00	42583.00	6884.00	2140.00	9693.00	31290.00	2661.00	9270.00	5503.00	11801.00	2915.00	18897.00	3357.00	39775.00	63659.00	13638.00	53401.00	715.00	5987.00	84096.00	210492.00	17959.00	255649.00	4916.00	1555.00	427954.00	232748.00	4492.00	3626.00	575431.00	22454.00	17729.00	4541.00	555719.00	20670.00	1561.00	69586.00	742.00	2734.00	3164.00	1417.00	364668.00	3631.00	5954.00	4092.00	16962.00	3766.00	1157804.00	5460.00	49821.00	43633.00	6503.00	35029.00	123076.00	4279.00	379969.00	7259.00	3690.00	11626.00	9148.00	626.00	580.00	793.00	71423.00	206229.00	14448.00	83469.00	16418.00	18622.00	1193835.00	3678.00	23798.00	2985.00	1878.00	7950.00	621.00	33447.00	40573.00	13917.00	126705.00	1614.00	97134.00	2243.00	601913.00	3551.00	637939.00	11357.00	7019.00	16836.00	3521.00	3212.00	13049.00	5420.00	2902.00	151.00	42761.00	793.00	3784.00	35911.00
421578	White wine type and source:Riesling, CA 2004	14278.00	3898.00	32018.00	2333.00	920.00	7097.00	2238.00	10244.00	373945.00	1213.00	33854.00	4459.00	1515.00	7846.00	26598.00	2006.00	8735.00	4757.00	8144.00	3597.00	6778.00	2527.00	32870.00	45855.00	9931.00	38814.00	319.00	5061.00	65766.00	409627.00	12698.00	214144.00	1567.00	1369.00	451048.00	190050.00	2963.00	3173.00	460106.00	40714.00	14792.00	2508.00	623965.00	13132.00	1561.00	59916.00	666.00	2365.00	3049.00	1052.00	288123.00	1952.00	4830.00	1268.00	16376.00	3041.00	1099484.00	6794.00	47802.00	32053.00	5268.00	27083.00	122827.00	2607.00	277137.00	3147.00	3371.00	6900.00	6785.00	481.00	1362.00	451.00	81038.00	206443.00	11639.00	66329.00	10780.00	15322.00	1265253.00	2504.00	19622.00	2514.00	1522.00	7096.00	535.00	31882.00	34330.00	5722.00	94393.00	1018.00	66617.00	2289.00	543302.00	3983.00	609621.00	9534.00	5631.00	18408.00	592.00	2318.00	9120.00	8275.00	2962.00	112.00	43321.00	654.00	3336.00	26705.00
421582	White wine type and source:Riesling, CA 2004	17095.00	3950.00	37423.00	2513.00	521.00	8314.00	2435.00	11530.00	341335.00	1181.00	39250.00	6001.00	1684.00	9091.00	28279.00	2840.00	6684.00	5305.00	6862.00	4104.00	13668.00	3151.00	36466.00	57124.00	13986.00	50351.00	1866.00	6294.00	73079.00	410940.00	15906.00	239752.00	4282.00	1373.00	167760.00	214552.00	4162.00	3190.00	546756.00	3446.00	16261.00	2627.00	870775.00	17843.00	1864.00	65647.00	549.00	1989.00	2960.00	1393.00	341624.00	3304.00	5463.00	3255.00	15400.00	3459.00	1086150.00	7907.00	47229.00	37924.00	5873.00	33991.00	132423.00	4032.00	346861.00	6478.00	3331.00	10523.00	8441.00	523.00	903.00	599.00	85663.00	223209.00	16954.00	41936.00	13348.00	16318.00	1197659.00	3151.00	23327.00	3048.00	1972.00	7842.00	477.00	27830.00	39936.00	11275.00	122082.00	1359.00	123836.00	1329.00	545056.00	4176.00	499686.00	11043.00	6838.00	17017.00	2621.00	3157.00	10768.00	7168.00	3425.00	106.00	42382.00	661.00	3890.00	31639.00
421586	White wine type and source:Riesling, CA 2004	15634.00	2120.00	27826.00	1814.00	803.00	6287.00	653.00	7986.00	328612.00	682.00	29128.00	4393.00	1474.00	8100.00	21598.00	2072.00	3389.00	4021.00	978.00	2807.00	11866.00	1941.00	25384.00	39239.00	8938.00	41096.00	1168.00	4448.00	60202.00	637476.00	13562.00	203972.00	2991.00	1188.00	254941.00	203585.00	3152.00	2618.00	533879.00	5144.00	13157.00	2827.00	1013701.00	14928.00	1651.00	52349.00	526.00	2271.00	2213.00	921.00	327757.00	2272.00	3923.00	2439.00	13416.00	2607.00	1045952.00	8341.00	39652.00	29127.00	4889.00	24166.00	109522.00	2581.00	304773.00	6245.00	2056.00	7962.00	7383.00	341.00	480.00	226.00	68574.00	172215.00	6756.00	6552.00	11727.00	12402.00	1024500.00	2530.00	21299.00	2149.00	1419.00	5907.00	273.00	22342.00	30745.00	8607.00	111014.00	897.00	44277.00	1465.00	336260.00	3368.00	635577.00	8590.00	4846.00	12134.00	2149.00	2194.00	11097.00	6795.00	4312.00	150.00	37098.00	686.00	3034.00	19527.00
421590	White wine type and source:Riesling, CA 2004	13635.00	3943.00	27305.00	1847.00	697.00	6020.00	1771.00	8478.00	299588.00	330.00	28489.00	4599.00	1606.00	6707.00	20679.00	1676.00	3338.00	3736.00	2556.00	2359.00	9747.00	2142.00	26126.00	38793.00	10828.00	37831.00	1868.00	4407.00	64747.00	636331.00	12387.00	202870.00	2374.00	1137.00	111669.00	185219.00	1763.00	2543.00	504942.00	1764.00	12110.00	1872.00	1206818.00	11530.00	1143.00	49218.00	290.00	2851.00	2281.00	897.00	270518.00	1859.00	3646.00	2037.00	12025.00	2921.00	1020859.00	5266.00	38777.00	27962.00	4677.00	25579.00	159105.00	3361.00	447690.00	4079.00	2316.00	7972.00	5836.00	331.00	848.00	299.00	67023.00	169596.00	11935.00	8664.00	10772.00	12186.00	953535.00	2024.00	16217.00	2099.00	1445.00	5889.00	252.00	19588.00	27926.00	6955.00	101929.00	1026.00	64191.00	1094.00	419767.00	2802.00	577898.00	8018.00	4826.00	9913.00	1899.00	1892.00	10437.00	5786.00	2101.00	92.00	31620.00	598.00	2380.00	27050.00
421594	White wine type and source:Riesling, CA 2004	17105.00	3266.00	35395.00	2660.00	652.00	7835.00	2307.00	11920.00	313924.00	1336.00	36283.00	3775.00	1123.00	8726.00	27633.00	2387.00	6599.00	5211.00	13466.00	2857.00	14307.00	2810.00	37878.00	57183.00	10575.00	47079.00	1948.00	5861.00	78738.00	429775.00	17077.00	246447.00	3772.00	1414.00	173788.00	215087.00	4144.00	3566.00	502146.00	2093.00	17825.00	3819.00	776186.00	16849.00	1374.00	65827.00	698.00	2199.00	3172.00	1433.00	327140.00	3055.00	5243.00	3535.00	15133.00	3329.00	942382.00	5717.00	45897.00	36784.00	5244.00	33582.00	469240.00	3808.00	428780.00	7543.00	3288.00	11823.00	8224.00	509.00	826.00	497.00	84193.00	216843.00	17130.00	41345.00	15338.00	17465.00	1200485.00	3360.00	20856.00	2720.00	1731.00	7013.00	495.00	29649.00	38596.00	12110.00	120888.00	1349.00	128573.00	1387.00	434658.00	36989.00	338392.00	11175.00	6260.00	13834.00	2566.00	3042.00	10509.00	8126.00	3351.00	129.00	38572.00	780.00	3579.00	30994.00
421599	White wine type and source:Riesling, Finger Lakes, NY 2004	24045.00	2396.00	31624.00	1797.00	852.00	5318.00	2319.00	12237.00	235477.00	1407.00	93808.00	1841.00	1718.00	12749.00	38303.00	2330.00	5799.00	1923.00	961.00	3461.00	15742.00	3358.00	11855.00	43597.00	7172.00	13466.00	456.00	5165.00	31135.00	431947.00	10641.00	122284.00	2516.00	1135.00	791942.00	269938.00	2421.00	8114.00	965593.00	2198.00	15530.00	4168.00	755436.00	26590.00	1676.00	58750.00	467.00	2525.00	2388.00	1790.00	268661.00	1039.00	5215.00	2659.00	14756.00	2001.00	1478753.00	8472.00	43689.00	31675.00	3195.00	186862.00	61629.00	5189.00	141313.00	10678.00	3436.00	5987.00	10062.00	538.00	577.00	195.00	62828.00	250959.00	9348.00	23100.00	17029.00	6297.00	405128.00	1872.00	4870.00	2198.00	1682.00	6896.00	63.00	21823.00	92518.00	7148.00	40538.00	1677.00	59434.00	1533.00	437300.00	121289.00	444969.00	3666.00	3450.00	12633.00	8115.00	2113.00	31530.00	8260.00	1593.00	219.00	37630.00	1028.00	815.00	18357.00
421603	White wine type and source:Riesling, Finger Lakes, NY 2004	35316.00	1023.00	29315.00	1595.00	155.00	4809.00	399.00	10462.00	231120.00	1132.00	92588.00	2704.00	1123.00	11884.00	34603.00	1289.00	4869.00	1784.00	640.00	3442.00	9882.00	2425.00	10874.00	38461.00	5101.00	13355.00	599.00	5573.00	28846.00	584983.00	9905.00	118256.00	1570.00	5350.00	435876.00	273659.00	1926.00	6580.00	650241.00	1990.00	14478.00	3178.00	744472.00	24648.00	1285.00	56303.00	367.00	927.00	1919.00	1483.00	270113.00	923.00	4488.00	1917.00	13691.00	1872.00	1651468.00	6431.00	40769.00	31152.00	2459.00	157475.00	41359.00	3841.00	129845.00	7194.00	3070.00	3039.00	9052.00	285.00	459.00	141.00	56775.00	236956.00	5781.00	8089.00	16498.00	6314.00	360625.00	1515.00	4058.00	1917.00	1612.00	6918.00	256.00	16775.00	85972.00	4232.00	43080.00	1477.00	42196.00	1413.00	419019.00	616338.00	426122.00	3314.00	3309.00	12470.00	5115.00	1898.00	27070.00	5161.00	1175.00	126.00	35547.00	818.00	1019.00	20579.00
421607	White wine type and source:Riesling, Finger Lakes, NY 2004	25959.00	2465.00	33820.00	2203.00	469.00	5805.00	1496.00	14806.00	262102.00	1203.00	100462.00	2708.00	1629.00	15701.00	43941.00	2243.00	7058.00	2162.00	1304.00	3876.00	19489.00	3587.00	14289.00	46592.00	9861.00	14378.00	1250.00	6021.00	33713.00	305079.00	11846.00	136071.00	3288.00	1209.00	348963.00	305291.00	2867.00	8117.00	110425.00	2558.00	17751.00	3682.00	854768.00	30843.00	2225.00	69218.00	455.00	2614.00	2692.00	1960.00	297136.00	1158.00	5412.00	3115.00	17778.00	2474.00	1600536.00	8145.00	48943.00	36020.00	2938.00	194659.00	73674.00	7650.00	130761.00	13049.00	3496.00	10634.00	10856.00	421.00	698.00	234.00	41951.00	292683.00	9465.00	29090.00	18714.00	7089.00	438953.00	1877.00	4813.00	2382.00	1969.00	8045.00	493.00	26019.00	102821.00	7938.00	41300.00	2077.00	56204.00	1773.00	523206.00	759766.00	485551.00	4250.00	3678.00	13456.00	10196.00	2380.00	34405.00	11046.00	2536.00	105.00	47571.00	991.00	1077.00	21394.00
421611	White wine type and source:Riesling, Finger Lakes, NY 2004	39650.00	560.00	31615.00	2007.00	664.00	5100.00	1430.00	10340.00	247843.00	1002.00	102742.00	3209.00	846.00	13977.00	36619.00	1528.00	5466.00	1739.00	858.00	4201.00	11359.00	2476.00	12554.00	42357.00	4908.00	13904.00	2826.00	5533.00	34740.00	506462.00	13009.00	127341.00	1561.00	986.00	50170.00	273663.00	1977.00	7349.00	79777.00	2203.00	16072.00	3931.00	509340.00	25921.00	1550.00	66243.00	378.00	2261.00	2325.00	1640.00	311941.00	892.00	4969.00	1826.00	15775.00	2089.00	1921265.00	38960.00	44949.00	30510.00	3712.00	188665.00	46671.00	4326.00	188446.00	7581.00	3182.00	10320.00	9666.00	314.00	374.00	106.00	53172.00	265018.00	4672.00	8347.00	17596.00	6483.00	382850.00	851.00	6199.00	2264.00	1947.00	7208.00	217.00	20520.00	93286.00	4533.00	46254.00	1413.00	33838.00	1539.00	485578.00	1173222.00	469844.00	3992.00	3670.00	13324.00	6557.00	1981.00	29065.00	5658.00	4061.00	122.00	42526.00	680.00	1341.00	23095.00
421615	White wine type and source:Riesling, Finger Lakes, NY 2004	22163.00	1071.00	28875.00	1521.00	625.00	4672.00	1879.00	11509.00	204506.00	1239.00	80318.00	3084.00	1998.00	12186.00	30231.00	2230.00	8094.00	2458.00	3652.00	3390.00	12534.00	3156.00	10661.00	35719.00	6686.00	11236.00	74.00	4579.00	27416.00	404991.00	10416.00	107604.00	2134.00	5417.00	322697.00	231074.00	1835.00	5936.00	955780.00	1737.00	13338.00	3849.00	777675.00	24664.00	1967.00	55240.00	313.00	2565.00	2063.00	1560.00	255575.00	903.00	4581.00	2204.00	14627.00	1659.00	1226162.00	5765.00	38192.00	27814.00	3168.00	170057.00	57444.00	4562.00	119619.00	8924.00	2610.00	3539.00	8742.00	275.00	295.00	358.00	31979.00	223010.00	12541.00	19226.00	13784.00	5509.00	275116.00	1449.00	7995.00	1851.00	1568.00	6064.00	319.00	20478.00	78414.00	5352.00	33076.00	1254.00	138272.00	748.00	459948.00	524804.00	382937.00	3654.00	3019.00	11794.00	7170.00	1960.00	26052.00	9770.00	2071.00	80.00	39403.00	677.00	686.00	14959.00
421619	White wine type and source:Riesling, Finger Lakes, NY 2004	32102.00	2488.00	26767.00	1436.00	808.00	4514.00	1866.00	10457.00	223441.00	951.00	81705.00	2032.00	1595.00	9953.00	32523.00	1368.00	6679.00	935.00	2307.00	2514.00	8633.00	2430.00	9450.00	33624.00	5309.00	10173.00	618.00	4307.00	22445.00	547460.00	8665.00	104974.00	1330.00	690.00	471350.00	209602.00	1512.00	5581.00	194230.00	1753.00	12239.00	3268.00	1031518.00	18655.00	868.00	51296.00	309.00	1504.00	1700.00	1063.00	238597.00	710.00	3450.00	1325.00	12324.00	1684.00	1566184.00	6071.00	38502.00	24501.00	2282.00	169335.00	42843.00	3037.00	154878.00	5841.00	2805.00	8004.00	6874.00	323.00	1133.00	386.00	44488.00	180002.00	11165.00	13926.00	14564.00	5033.00	346550.00	1286.00	3711.00	1681.00	1363.00	5621.00	273.00	15951.00	71529.00	3161.00	33755.00	1313.00	73496.00	1235.00	373234.00	399453.00	362528.00	3237.00	2873.00	10164.00	4097.00	1549.00	23581.00	6960.00	1385.00	151.00	33692.00	492.00	824.00	16461.00
421624	White wine type and source:Sauvignon Blanc, Lake County, CA 2001	14977.00	2961.00	97242.00	7876.00	262.00	4216.00	2135.00	7875.00	118912.00	3254.00	75146.00	3919.00	1824.00	8069.00	22177.00	2640.00	4994.00	7155.00	6789.00	958.00	11653.00	839.00	11247.00	144644.00	10123.00	40747.00	2268.00	13515.00	52324.00	368819.00	20939.00	199191.00	2135.00	2632.00	525243.00	161772.00	3182.00	2793.00	855162.00	1189.00	5117.00	6804.00	930896.00	14895.00	1281.00	53559.00	320.00	1989.00	3232.00	703.00	352625.00	1191.00	7674.00	3988.00	14063.00	2969.00	209261.00	8105.00	46662.00	32671.00	2626.00	198722.00	82255.00	10744.00	114869.00	9027.00	3592.00	10612.00	8961.00	299.00	1871.00	272.00	61420.00	125009.00	15273.00	17015.00	11688.00	15474.00	1185007.00	424.00	45509.00	2550.00	2283.00	8440.00	114.00	12650.00	23587.00	10259.00	124608.00	588.00	99132.00	1634.00	892346.00	23224.00	566348.00	13132.00	8896.00	8136.00	21936.00	214.00	22126.00	10231.00	2866.00	90.00	28040.00	478.00	5021.00	18728.00
421628	White wine type and source:Sauvignon Blanc, Lake County, CA 2001	16676.00	0	106516.00	9719.00	0	5154.00	0	0	144918.00	3207.00	128107.00	2965.00	0	0	20536.00	2065.00	5348.00	8095.00	0	0	16198.00	0	12483.00	157836.00	7711.00	51866.00	0	15232.00	68043.00	545699.00	24705.00	253051.00	0	0	56731.00	219741.00	3220.00	2929.00	0	1308.00	7929.00	5960.00	698778.00	0	0	64181.00	0	0	2548.00	798.00	487747.00	1481.00	8231.00	5784.00	14863.00	3114.00	281272.00	8121.00	53278.00	36941.00	3285.00	309991.00	40176.00	0	95050.00	5887.00	3523.00	14963.00	10708.00	0	583.00	81.00	60283.00	126504.00	14306.00	13985.00	13341.00	16747.00	1216880.00	0	56620.00	3175.00	2379.00	9382.00	0	11867.00	26275.00	16811.00	182480.00	0	82279.00	0	1052778.00	0	617448.00	15949.00	9726.00	8638.00	28917.00	0	23925.00	0	5825.00	0	32503.00	0	5623.00	23403.00
421632	White wine type and source:Sauvignon Blanc, Lake County, CA 2001	14014.00	0	120224.00	11037.00	766.00	4626.00	0	0	158209.00	4222.00	117392.00	0	0	0	27135.00	0	5796.00	9396.00	3713.00	0	5123.00	790.00	14407.00	156116.00	6791.00	38065.00	0	14208.00	70721.00	388768.00	22740.00	256654.00	0	978.00	41015.00	153312.00	2086.00	2689.00	14103.00	929.00	6204.00	7207.00	1094272.00	0	964.00	72609.00	0	0	2215.00	571.00	331743.00	596.00	8293.00	0	17793.00	3609.00	266345.00	9919.00	65440.00	33767.00	3055.00	281915.00	144467.00	0	17128.00	0	3831.00	5424.00	7684.00	0	1582.00	291.00	63645.00	158243.00	12042.00	18844.00	13716.00	18253.00	1501022.00	0	53287.00	2975.00	2706.00	10125.00	0	15753.00	26644.00	3995.00	122284.00	0	70001.00	0	1172088.00	0	713567.00	17992.00	10964.00	11842.00	8881.00	0	21484.00	0	5207.00	0	37632.00	0	5532.00	20682.00
421636	White wine type and source:Sauvignon Blanc, Lake County, CA 2001	19086.00	0	116442.00	9612.00	703.00	5360.00	0	0	133606.00	3632.00	114602.00	0	1486.00	0	25717.00	2689.00	0	9014.00	4826.00	0	16739.00	986.00	13206.00	174071.00	7159.00	52826.00	0	15366.00	58508.00	440078.00	24873.00	237244.00	0	1251.00	51229.00	184686.00	3816.00	3423.00	1015372.00	1397.00	7059.00	5091.00	934103.00	0	1717.00	58893.00	363.00	0	0	912.00	428421.00	1613.00	9633.00	6157.00	15947.00	3238.00	235105.00	9302.00	55845.00	41663.00	3292.00	253151.00	142124.00	0	184061.00	0	3597.00	12002.00	10042.00	0	1402.00	307.00	81758.00	149489.00	15444.00	14728.00	13833.00	15647.00	1345735.00	718.00	53623.00	3292.00	2652.00	9912.00	0	14217.00	27308.00	14983.00	157423.00	0	103311.00	0	1053307.00	0	667019.00	15267.00	10516.00	9795.00	29530.00	0	28032.00	0	0	45.00	32260.00	0	5576.00	20073.00
421640	White wine type and source:Sauvignon Blanc, Lake County, CA 2001	17380.00	3725.00	110316.00	10069.00	538.00	4677.00	0	0	114647.00	4822.00	112338.00	3773.00	1993.00	0	25680.00	0	8319.00	9488.00	15528.00	1063.00	17468.00	952.00	13211.00	174980.00	7911.00	49397.00	0	16694.00	62676.00	416103.00	23251.00	232562.00	0	1555.00	43349.00	204339.00	3827.00	4102.00	979261.00	989.00	6487.00	6427.00	1360349.00	0	1401.00	64532.00	0	3748.00	4077.00	731.00	424283.00	1583.00	9286.00	6858.00	15780.00	3554.00	204994.00	10240.00	53689.00	41104.00	3128.00	285604.00	128887.00	0	85784.00	6008.00	0	13328.00	10888.00	0	1307.00	975.00	65188.00	152194.00	22436.00	36088.00	14207.00	15237.00	1241637.00	0	53942.00	3255.00	3050.00	9001.00	0	14650.00	28495.00	16373.00	144913.00	399.00	165002.00	1057.00	917772.00	0	677237.00	15960.00	10666.00	8055.00	31075.00	0	28886.00	0	5212.00	0	30034.00	605.00	5776.00	19600.00
421644	White wine type and source:Sauvignon Blanc, Lake County, CA 2001	16172.00	0	114722.00	9509.00	890.00	4567.00	0	0	132589.00	5157.00	108959.00	3132.00	3035.00	0	24403.00	2530.00	0	7758.00	11166.00	17021.00	13126.00	6799.00	13915.00	170524.00	8634.00	53622.00	0	14797.00	62464.00	423238.00	70584.00	230217.00	0	0	46963.00	174701.00	3510.00	3876.00	0	1447.00	7857.00	7881.00	1033695.00	0	2688.00	65039.00	0	3257.00	2996.00	716.00	427973.00	4686.00	8750.00	4019.00	16966.00	3232.00	235343.00	12845.00	0	37905.00	36028.00	290591.00	111993.00	0	93024.00	0	0	0	9782.00	0	682.00	925.00	68287.00	147467.00	22343.00	30975.00	13160.00	14094.00	1202820.00	0	169008.00	3104.00	2330.00	12909.00	0	18074.00	27882.00	10189.00	158547.00	0	183373.00	0	1013263.00	0	664922.00	22643.00	10623.00	8397.00	22517.00	0	29356.00	0	0	0	37762.00	0	5353.00	19513.00
421674	White wine type and source:Sauvignon Blanc, Napa, CA 2004 (SB03)	13350.00	5615.00	134698.00	5169.00	636.00	2832.00	3221.00	12961.00	402057.00	2686.00	170848.00	4728.00	2542.00	11349.00	22979.00	4415.00	10153.00	10249.00	1424.00	1167.00	35053.00	669.00	39929.00	240760.00	16584.00	57460.00	13428.00	13772.00	110972.00	180795.00	22875.00	592946.00	3435.00	2162.00	45002.00	292672.00	4606.00	5011.00	202129.00	3592.00	19575.00	5459.00	802264.00	15636.00	2663.00	87065.00	256.00	2149.00	3780.00	742.00	506542.00	1309.00	10376.00	3283.00	7872.00	5716.00	181080.00	10497.00	30241.00	16833.00	5700.00	523770.00	116445.00	31074.00	80778.00	17155.00	2512.00	15211.00	14918.00	677.00	2465.00	110.00	125708.00	240377.00	15298.00	17919.00	11184.00	10428.00	1380188.00	1297.00	36704.00	5768.00	4775.00	8836.00	969.00	14870.00	63422.00	28677.00	146580.00	996.00	84262.00	1322.00	781609.00	2718.00	694342.00	21784.00	26041.00	7463.00	64963.00	1396.00	34885.00	11700.00	4566.00	186.00	31433.00	862.00	4047.00	21774.00
421678	White wine type and source:Sauvignon Blanc, Napa, CA 2004 (SB03)	12405.00	4700.00	118494.00	4829.00	981.00	2412.00	2294.00	12327.00	399047.00	2017.00	174720.00	4113.00	1963.00	9637.00	19824.00	3833.00	16180.00	8805.00	1482.00	1576.00	23733.00	1049.00	35037.00	208906.00	18658.00	51504.00	197.00	11680.00	101987.00	166926.00	21828.00	563547.00	2519.00	2112.00	39294.00	324992.00	3215.00	5179.00	197750.00	3702.00	15370.00	5854.00	1358500.00	12002.00	2817.00	72143.00	173.00	2967.00	3895.00	696.00	467219.00	1004.00	9272.00	2294.00	7440.00	5208.00	195510.00	11611.00	30189.00	14455.00	5242.00	524831.00	93487.00	20365.00	48709.00	10643.00	2164.00	12844.00	13341.00	466.00	1726.00	458.00	92987.00	234358.00	18898.00	20821.00	11149.00	11973.00	1254275.00	1100.00	34091.00	4854.00	4127.00	7902.00	712.00	11795.00	50308.00	17684.00	138443.00	1007.00	97538.00	1218.00	800516.00	2312.00	567432.00	19810.00	24649.00	4938.00	45431.00	933.00	31657.00	11251.00	3915.00	157.00	30633.00	576.00	3495.00	20722.00
421682	White wine type and source:Sauvignon Blanc, Napa, CA 2004 (SB03)	13792.00	2440.00	129406.00	4752.00	769.00	2479.00	3203.00	13104.00	376612.00	2474.00	185236.00	2055.00	2292.00	12620.00	20796.00	3845.00	5971.00	10249.00	1200.00	1336.00	28593.00	1053.00	37669.00	225442.00	14956.00	52602.00	5564.00	13091.00	95838.00	170555.00	23125.00	566823.00	2919.00	2200.00	43021.00	312792.00	3958.00	5172.00	201331.00	3861.00	21343.00	3302.00	1188530.00	16452.00	3020.00	76058.00	305.00	2935.00	4158.00	801.00	461007.00	1634.00	10395.00	2981.00	7412.00	5827.00	183279.00	9369.00	29840.00	16837.00	6373.00	444558.00	191847.00	26370.00	116936.00	15030.00	2210.00	13874.00	14050.00	806.00	1435.00	108.00	120712.00	241502.00	12537.00	12488.00	11045.00	14483.00	1304469.00	631.00	32707.00	5623.00	4691.00	7627.00	1025.00	14165.00	58271.00	23124.00	160599.00	490.00	67373.00	1281.00	668774.00	2849.00	678377.00	19487.00	24330.00	8665.00	58095.00	1229.00	35594.00	12446.00	5173.00	216.00	28551.00	703.00	3602.00	20605.00
421686	White wine type and source:Sauvignon Blanc, Napa, CA 2004 (SB03)	13658.00	2113.00	125960.00	4884.00	366.00	2388.00	2645.00	13330.00	382427.00	2874.00	182617.00	3778.00	1824.00	11718.00	20510.00	3195.00	5589.00	9518.00	1241.00	1423.00	30651.00	803.00	37080.00	227789.00	16068.00	56360.00	5129.00	14256.00	107455.00	175258.00	22879.00	569135.00	3463.00	2476.00	45502.00	323899.00	4037.00	5078.00	201539.00	4480.00	20547.00	8217.00	1222162.00	16216.00	2831.00	71724.00	256.00	2964.00	3987.00	637.00	485362.00	1775.00	10433.00	3170.00	7438.00	5764.00	171449.00	8581.00	28789.00	17128.00	6167.00	486817.00	113815.00	31739.00	121210.00	15156.00	1988.00	14343.00	15159.00	719.00	1159.00	276.00	120589.00	234993.00	12084.00	12241.00	11742.00	15214.00	1283048.00	1808.00	33686.00	5227.00	4765.00	7512.00	1052.00	12880.00	56689.00	27166.00	145468.00	597.00	68964.00	1914.00	673187.00	2111.00	680897.00	19553.00	23315.00	3582.00	58236.00	1547.00	36251.00	12845.00	2749.00	201.00	28212.00	673.00	3865.00	20033.00
421690	White wine type and source:Sauvignon Blanc, Napa, CA 2004 (SB03)	11822.00	3786.00	118580.00	4733.00	477.00	1839.00	2126.00	11080.00	406127.00	2126.00	166214.00	3519.00	2147.00	9281.00	19132.00	2051.00	9671.00	8571.00	942.00	1405.00	17869.00	444.00	34629.00	202400.00	12029.00	45159.00	6936.00	10975.00	95632.00	159107.00	21119.00	610778.00	1667.00	1923.00	30695.00	269933.00	3226.00	4017.00	183549.00	3374.00	16885.00	5277.00	1375358.00	11146.00	1910.00	77160.00	201.00	1009.00	3162.00	692.00	413227.00	1042.00	9237.00	1577.00	7661.00	5536.00	188730.00	9053.00	31042.00	13997.00	5101.00	516976.00	194865.00	17363.00	66381.00	7768.00	1577.00	12338.00	10942.00	528.00	1501.00	174.00	101923.00	227481.00	15583.00	15726.00	10448.00	14001.00	1380842.00	1294.00	33388.00	4356.00	3960.00	6746.00	362.00	11947.00	47969.00	13636.00	130719.00	816.00	83373.00	1622.00	810631.00	2107.00	618785.00	18028.00	23385.00	7092.00	36210.00	911.00	28364.00	9618.00	5181.00	161.00	30613.00	577.00	3672.00	19023.00
421694	White wine type and source:Sauvignon Blanc, Napa, CA 2004 (SB03)	12337.00	2189.00	116021.00	4189.00	815.00	2296.00	739.00	10685.00	421006.00	1937.00	162659.00	4329.00	2467.00	12643.00	17993.00	2325.00	15055.00	8601.00	1181.00	4313.00	25509.00	1094.00	33074.00	188517.00	14019.00	47942.00	12909.00	11173.00	98363.00	155066.00	21958.00	547683.00	2529.00	2227.00	40769.00	324363.00	3350.00	4755.00	175693.00	4091.00	16816.00	6130.00	1356317.00	12159.00	3069.00	72641.00	259.00	3134.00	3743.00	786.00	443977.00	1192.00	9167.00	2219.00	9566.00	5275.00	225036.00	10734.00	29597.00	12934.00	5749.00	511494.00	72860.00	23689.00	87455.00	12617.00	2297.00	15284.00	12446.00	450.00	421.00	62.00	84993.00	198071.00	9267.00	17862.00	9737.00	11547.00	1312285.00	1359.00	37311.00	4291.00	4719.00	7459.00	613.00	15509.00	48001.00	18978.00	135033.00	858.00	98098.00	1364.00	860630.00	4727.00	632244.00	17816.00	22555.00	6310.00	50056.00	1036.00	30538.00	9628.00	5975.00	124.00	35749.00	722.00	3298.00	18352.00
421699	White wine type and source:Sauvignon Blanc, Napa, CA 2004 (SB04)	11808.00	2300.00	156747.00	3194.00	692.00	1653.00	3066.00	8630.00	188236.00	1297.00	37253.00	1627.00	2405.00	11139.00	26906.00	4105.00	5424.00	8682.00	2841.00	2008.00	52125.00	876.00	22834.00	159437.00	1637.00	38607.00	1681.00	11769.00	132614.00	116151.00	17520.00	346904.00	3140.00	812.00	24156.00	95142.00	3327.00	633.00	184298.00	5775.00	12466.00	2774.00	2330845.00	11542.00	841.00	95833.00	766.00	2183.00	3099.00	928.00	425341.00	1015.00	7596.00	5104.00	14551.00	3258.00	126996.00	6236.00	70185.00	44635.00	4200.00	396364.00	141866.00	31919.00	209164.00	3210.00	4925.00	8986.00	14392.00	484.00	948.00	433.00	11142.00	159982.00	20232.00	13754.00	20017.00	6928.00	1015391.00	1644.00	33578.00	6418.00	1596.00	8986.00	764.00	13413.00	51111.00	25366.00	102554.00	1007.00	112136.00	2397.00	837617.00	1675.00	928512.00	20353.00	8249.00	11772.00	74402.00	434.00	28455.00	2943.00	3355.00	185.00	37312.00	756.00	3357.00	18031.00
421703	White wine type and source:Sauvignon Blanc, Napa, CA 2004 (SB04)	13876.00	3967.00	226876.00	4854.00	799.00	2735.00	3781.00	20657.00	211570.00	4145.00	52902.00	3921.00	3772.00	11251.00	28017.00	5076.00	8836.00	11311.00	16467.00	1873.00	77717.00	1808.00	35383.00	215056.00	2078.00	48504.00	111.00	15691.00	187030.00	149998.00	25072.00	445544.00	5118.00	1186.00	39135.00	124531.00	4912.00	500.00	232286.00	9922.00	14613.00	7335.00	1143679.00	15252.00	1552.00	130066.00	1296.00	5067.00	5081.00	1342.00	506668.00	1598.00	10613.00	8439.00	15057.00	4667.00	146027.00	11540.00	61216.00	61017.00	5013.00	566953.00	183989.00	46595.00	247814.00	4951.00	3775.00	12981.00	20002.00	618.00	1188.00	980.00	8681.00	259839.00	31942.00	39157.00	21684.00	7514.00	624971.00	1887.00	42231.00	8629.00	2628.00	12579.00	973.00	14213.00	71311.00	37061.00	137067.00	1387.00	254182.00	3495.00	1025412.00	651.00	601479.00	26008.00	12702.00	15531.00	107371.00	1042.00	41792.00	42597.00	4575.00	175.00	38519.00	1815.00	4370.00	26136.00
421707	White wine type and source:Sauvignon Blanc, Napa, CA 2004 (SB04)	11266.00	4201.00	154048.00	3811.00	991.00	2047.00	3301.00	9317.00	194605.00	1672.00	37841.00	3201.00	2040.00	11134.00	29202.00	3721.00	7043.00	8790.00	1263.00	2008.00	54335.00	1372.00	23268.00	164140.00	1528.00	39599.00	3616.00	11870.00	128274.00	118238.00	17274.00	352440.00	3345.00	903.00	26464.00	106199.00	3685.00	537.00	187226.00	1992.00	11666.00	4460.00	2417801.00	11150.00	2758.00	92771.00	713.00	2681.00	3864.00	1068.00	439063.00	927.00	7607.00	5837.00	15162.00	3939.00	179880.00	11088.00	71457.00	49095.00	3909.00	373182.00	70054.00	35321.00	214921.00	3555.00	4723.00	11717.00	15750.00	520.00	1405.00	532.00	16553.00	164204.00	18405.00	18413.00	18479.00	6201.00	1071101.00	1493.00	33193.00	6556.00	2217.00	9315.00	889.00	14671.00	53297.00	27962.00	102194.00	992.00	106812.00	1571.00	771293.00	1314.00	790641.00	18560.00	9296.00	12663.00	84266.00	688.00	31468.00	10399.00	4345.00	193.00	38326.00	1036.00	3287.00	20340.00
421711	White wine type and source:Sauvignon Blanc, Napa, CA 2004 (SB04)	9157.00	2604.00	184436.00	4231.00	1300.00	2467.00	4576.00	15450.00	209953.00	3005.00	44608.00	2353.00	2451.00	10740.00	37836.00	1852.00	10943.00	11287.00	21240.00	1609.00	35627.00	1034.00	30176.00	176586.00	2027.00	39187.00	1551.00	12697.00	165454.00	122406.00	21120.00	394176.00	1807.00	971.00	26665.00	104684.00	3203.00	385.00	188042.00	15132.00	12551.00	13480.00	1351390.00	9876.00	1244.00	126928.00	867.00	2066.00	4370.00	598.00	404998.00	797.00	9461.00	2974.00	20841.00	3992.00	155627.00	11618.00	99234.00	52005.00	4370.00	476974.00	178139.00	20886.00	259630.00	1945.00	5410.00	8258.00	14607.00	453.00	1910.00	463.00	19345.00	223397.00	17327.00	117521.00	24311.00	8641.00	1428707.00	1447.00	35813.00	7585.00	2375.00	10260.00	656.00	20952.00	63580.00	14911.00	94728.00	1146.00	112016.00	3564.00	1108748.00	581.00	491550.00	24995.00	10874.00	9891.00	48748.00	605.00	33229.00	28170.00	4315.00	285.00	47954.00	1427.00	3521.00	22125.00
421715	White wine type and source:Sauvignon Blanc, Napa, CA 2004 (SB04)	12687.00	3599.00	194821.00	4261.00	657.00	2617.00	3702.00	17901.00	206723.00	2983.00	46599.00	3850.00	3766.00	9775.00	26834.00	4336.00	7151.00	12519.00	13809.00	1615.00	63413.00	1549.00	32285.00	203011.00	1815.00	45756.00	712.00	13153.00	182543.00	139453.00	21195.00	406880.00	4247.00	1206.00	28911.00	116279.00	3281.00	391.00	211886.00	2144.00	13984.00	2004.00	1123438.00	14127.00	1122.00	121957.00	986.00	5290.00	4636.00	967.00	454520.00	1406.00	8861.00	6819.00	16480.00	4226.00	130363.00	11911.00	73169.00	60174.00	4474.00	510705.00	174914.00	41297.00	203993.00	4010.00	3774.00	11439.00	17164.00	557.00	1315.00	1323.00	8119.00	239235.00	27105.00	34802.00	22059.00	7485.00	800997.00	2194.00	38372.00	7525.00	2547.00	10617.00	880.00	14513.00	60848.00	32185.00	96819.00	1319.00	231442.00	1307.00	1115838.00	2430.00	998031.00	25210.00	11521.00	12298.00	94849.00	836.00	37221.00	37827.00	4887.00	99.00	39710.00	1311.00	3826.00	21601.00
421719	White wine type and source:Sauvignon Blanc, Napa, CA 2004 (SB04)	5059.00	2285.00	176443.00	4239.00	780.00	2866.00	3926.00	10807.00	243719.00	1708.00	47016.00	2168.00	2855.00	13771.00	32129.00	2704.00	6266.00	9242.00	3675.00	1918.00	47705.00	1245.00	24750.00	194169.00	2044.00	45768.00	3082.00	13946.00	168593.00	142744.00	21205.00	411928.00	2745.00	709.00	28890.00	110133.00	3491.00	682.00	215860.00	3461.00	13586.00	4415.00	787758.00	12566.00	1830.00	107469.00	825.00	3974.00	3648.00	1172.00	524479.00	898.00	9117.00	5344.00	17650.00	4042.00	180335.00	9715.00	83642.00	57715.00	4590.00	463559.00	161638.00	30835.00	303349.00	3245.00	6298.00	13726.00	16800.00	454.00	900.00	315.00	18331.00	194928.00	15092.00	15439.00	23062.00	7067.00	1245579.00	1510.00	37629.00	8239.00	2119.00	11099.00	998.00	16715.00	66040.00	23592.00	115287.00	1675.00	115704.00	2130.00	924057.00	2853.00	1207510.00	21923.00	9782.00	11820.00	70865.00	774.00	35739.00	10671.00	3838.00	205.00	42961.00	1314.00	3752.00	23715.00
421474	White wine type and source:Viognier, Dunnigan Hills, CA 2004	21306.00	2532.00	121483.00	6570.00	748.00	3388.00	2487.00	8789.00	206641.00	2877.00	74791.00	9132.00	2651.00	12706.00	26457.00	2990.00	8853.00	11053.00	7142.00	1129.00	29778.00	440.00	23567.00	182849.00	21743.00	107768.00	6051.00	10560.00	163955.00	119370.00	15347.00	427896.00	7229.00	2087.00	32356.00	85862.00	4640.00	5350.00	258006.00	1055.00	10646.00	9844.00	575663.00	17867.00	3700.00	85016.00	1057.00	3715.00	2590.00	229.00	590853.00	31491.00	8908.00	7603.00	23816.00	10925.00	231523.00	30704.00	72004.00	46782.00	7286.00	371662.00	103382.00	13110.00	172239.00	36830.00	5204.00	27240.00	10254.00	694.00	547.00	309.00	132279.00	130451.00	13588.00	33330.00	16205.00	14677.00	2322096.00	4816.00	39469.00	4972.00	5056.00	6420.00	964.00	19634.00	10361.00	18936.00	229949.00	2501.00	96462.00	1124.00	891198.00	4462.00	450379.00	28089.00	17256.00	13392.00	8672.00	3630.00	35717.00	12905.00	12456.00	188.00	40278.00	821.00	5912.00	27398.00
421478	White wine type and source:Viognier, Dunnigan Hills, CA 2004	9893.00	3347.00	125207.00	6900.00	439.00	3418.00	6556.00	8435.00	168613.00	2789.00	82594.00	10297.00	2045.00	10726.00	26688.00	3335.00	9173.00	11311.00	1684.00	1055.00	3980.00	449.00	23735.00	189778.00	15511.00	113862.00	3409.00	10513.00	170796.00	115383.00	15834.00	452524.00	8330.00	2117.00	35450.00	100057.00	5408.00	6430.00	259300.00	3636.00	10101.00	8056.00	977508.00	5141.00	2764.00	85524.00	1086.00	2984.00	2713.00	174.00	405303.00	29177.00	9839.00	8528.00	21118.00	10843.00	191288.00	31924.00	68966.00	47054.00	7706.00	362611.00	140453.00	13329.00	146233.00	38038.00	5121.00	25739.00	11115.00	677.00	865.00	199.00	146901.00	139585.00	10845.00	13906.00	16342.00	14096.00	2141317.00	5000.00	43769.00	5201.00	5576.00	6287.00	846.00	18233.00	11186.00	22052.00	221516.00	2362.00	51954.00	1612.00	952696.00	4887.00	471218.00	28547.00	18539.00	12300.00	8309.00	3730.00	37511.00	11990.00	14406.00	155.00	36145.00	908.00	5951.00	26375.00
421482	White wine type and source:Viognier, Dunnigan Hills, CA 2004	23393.00	3552.00	120217.00	6936.00	909.00	3391.00	5911.00	8418.00	182029.00	3499.00	82157.00	9513.00	2120.00	11213.00	27852.00	3719.00	6522.00	10728.00	1769.00	1111.00	3267.00	445.00	24822.00	198839.00	13358.00	115069.00	289.00	11278.00	145139.00	119472.00	14775.00	425162.00	9476.00	2189.00	30238.00	95395.00	4614.00	6768.00	265173.00	1098.00	9630.00	7437.00	533105.00	5381.00	3570.00	87892.00	1168.00	3024.00	3136.00	208.00	597426.00	33545.00	10325.00	9287.00	22430.00	11665.00	209484.00	10435.00	72322.00	46247.00	7742.00	377973.00	128163.00	13376.00	173271.00	44190.00	5903.00	28522.00	11316.00	1236.00	876.00	149.00	119834.00	141398.00	12321.00	18122.00	16956.00	14099.00	2210242.00	5526.00	39167.00	5379.00	5524.00	6382.00	1071.00	16128.00	11279.00	22065.00	230700.00	2561.00	69054.00	1913.00	1031113.00	4829.00	505799.00	29482.00	18285.00	15411.00	7337.00	3971.00	36512.00	12669.00	15254.00	142.00	37561.00	1102.00	6365.00	28070.00
421486	White wine type and source:Viognier, Dunnigan Hills, CA 2004	21540.00	2369.00	123227.00	7455.00	790.00	3566.00	5581.00	9198.00	183152.00	3296.00	82236.00	9545.00	1586.00	9896.00	29252.00	2130.00	8895.00	11844.00	5923.00	922.00	19457.00	423.00	25734.00	195083.00	16615.00	107185.00	1715.00	10545.00	171142.00	114397.00	14844.00	458239.00	4013.00	1857.00	31030.00	91773.00	4037.00	6082.00	267858.00	10686.00	9476.00	16942.00	556336.00	4220.00	2489.00	90339.00	860.00	2503.00	3627.00	243.00	548017.00	18900.00	9741.00	3992.00	22958.00	11509.00	204144.00	3344.00	76087.00	45521.00	7312.00	387536.00	131787.00	8091.00	198373.00	20784.00	5980.00	25964.00	9709.00	483.00	1740.00	225.00	160644.00	147284.00	10818.00	14690.00	17609.00	15643.00	2315825.00	4562.00	42675.00	4936.00	5238.00	6098.00	629.00	18305.00	10984.00	12688.00	218949.00	1937.00	52647.00	1051.00	942658.00	4545.00	491657.00	31348.00	19374.00	14022.00	5817.00	3159.00	35175.00	14331.00	12840.00	188.00	36619.00	701.00	6331.00	28590.00
421490	White wine type and source:Viognier, Dunnigan Hills, CA 2004	20527.00	2817.00	117192.00	6418.00	517.00	3598.00	3941.00	7953.00	166880.00	3755.00	83840.00	8528.00	2098.00	10007.00	26328.00	3356.00	5989.00	10390.00	1791.00	1146.00	3599.00	336.00	21887.00	189186.00	15018.00	113201.00	7533.00	11171.00	158528.00	114199.00	13381.00	402981.00	6843.00	2095.00	34585.00	92199.00	4962.00	6491.00	252816.00	1293.00	9086.00	5487.00	997729.00	16518.00	1684.00	80622.00	1001.00	2764.00	3805.00	240.00	562118.00	26837.00	9366.00	6973.00	20530.00	10955.00	192947.00	32398.00	66768.00	46357.00	7378.00	350620.00	230911.00	14053.00	143625.00	32370.00	5325.00	26541.00	11242.00	729.00	772.00	207.00	153107.00	128545.00	10220.00	15071.00	15496.00	13802.00	2064001.00	4926.00	40050.00	4995.00	5281.00	4671.00	742.00	15933.00	10927.00	17747.00	223585.00	2351.00	65244.00	1084.00	908778.00	5969.00	472264.00	26446.00	17234.00	11551.00	8367.00	4088.00	36575.00	10781.00	11471.00	245.00	32712.00	949.00	5508.00	26948.00
421494	White wine type and source:Viognier, Dunnigan Hills, CA 2004	21072.00	4239.00	113118.00	6389.00	607.00	2955.00	3345.00	7648.00	200589.00	2284.00	75910.00	7933.00	2518.00	9516.00	25456.00	3034.00	6559.00	9873.00	5350.00	939.00	3593.00	539.00	21534.00	177375.00	23974.00	107644.00	2668.00	10416.00	136296.00	108448.00	13449.00	379974.00	7452.00	2094.00	27137.00	82926.00	4711.00	5506.00	252732.00	1020.00	8649.00	6100.00	969307.00	5176.00	3311.00	79296.00	902.00	2898.00	3561.00	255.00	591893.00	30256.00	9004.00	7837.00	20117.00	9492.00	242745.00	5661.00	68094.00	44020.00	6600.00	342540.00	91993.00	12008.00	159227.00	34678.00	5125.00	25154.00	10874.00	545.00	1901.00	304.00	129981.00	120033.00	13346.00	22518.00	14444.00	12911.00	2277252.00	4713.00	37078.00	4959.00	4797.00	5326.00	690.00	16444.00	9812.00	19090.00	221632.00	2372.00	70268.00	1638.00	925862.00	4783.00	450735.00	26188.00	15547.00	13320.00	7904.00	3559.00	31896.00	8899.00	9768.00	269.00	34731.00	833.00	5178.00	24976.00
421499	White wine type and source:Viognier, Napa, CA 2004	9157.00	1573.00	104713.00	6663.00	943.00	1534.00	4743.00	11907.00	76363.00	1644.00	86411.00	4142.00	2070.00	34783.00	26341.00	2436.00	3596.00	5889.00	9038.00	730.00	4845.00	542.00	17285.00	186156.00	12904.00	45922.00	522.00	11191.00	85021.00	228599.00	10487.00	414135.00	2463.00	1205.00	20911.00	119997.00	3545.00	1497.00	557702.00	776.00	6956.00	5543.00	772752.00	4148.00	1407.00	64456.00	562.00	2948.00	3399.00	570.00	396475.00	7963.00	6191.00	4615.00	11312.00	8076.00	170800.00	7500.00	46385.00	29826.00	2996.00	346047.00	256985.00	6167.00	61073.00	8393.00	2951.00	13771.00	14673.00	902.00	1103.00	244.00	93654.00	215644.00	11239.00	17185.00	11834.00	10609.00	1933074.00	517.00	21065.00	853.00	4180.00	5511.00	547.00	9019.00	17861.00	12903.00	93003.00	985.00	83571.00	6403.00	1165536.00	5430.00	505043.00	20615.00	8778.00	4872.00	6587.00	504.00	21388.00	12620.00	2719.00	72.00	20312.00	746.00	3207.00	22878.00
421503	White wine type and source:Viognier, Napa, CA 2004	12483.00	1463.00	95385.00	6134.00	549.00	1571.00	3980.00	9330.00	73217.00	2397.00	94240.00	1563.00	1501.00	38815.00	24017.00	2828.00	5428.00	5171.00	1199.00	766.00	3007.00	412.00	15533.00	186336.00	8717.00	49995.00	469.00	10581.00	83185.00	247297.00	10613.00	412294.00	2013.00	1027.00	27819.00	134180.00	3126.00	1562.00	621590.00	744.00	6705.00	5067.00	655426.00	9128.00	1615.00	60480.00	546.00	2778.00	2908.00	430.00	438197.00	6010.00	5230.00	4338.00	10356.00	8060.00	209447.00	6386.00	41988.00	28738.00	3104.00	433523.00	64943.00	6032.00	61131.00	6905.00	2910.00	15673.00	12787.00	1003.00	624.00	169.00	100559.00	192842.00	7593.00	10919.00	10560.00	9457.00	1865560.00	2116.00	21714.00	789.00	4098.00	5537.00	281.00	7820.00	16946.00	10326.00	107626.00	727.00	55121.00	4985.00	1291069.00	28217.00	485929.00	20211.00	8377.00	6086.00	5021.00	624.00	19793.00	2449.00	2440.00	136.00	19788.00	491.00	3075.00	22873.00
421507	White wine type and source:Viognier, Napa, CA 2004	11861.00	4842.00	94267.00	6088.00	590.00	1406.00	3976.00	9922.00	73195.00	1980.00	83925.00	3750.00	2457.00	34488.00	26086.00	2458.00	4397.00	5438.00	6916.00	844.00	4301.00	436.00	16261.00	165866.00	10811.00	41476.00	414.00	11216.00	82824.00	222663.00	10357.00	377917.00	1813.00	1350.00	247044.00	114097.00	3290.00	1392.00	515893.00	666.00	7156.00	4083.00	918139.00	3642.00	1494.00	60534.00	606.00	2210.00	3670.00	593.00	378332.00	6841.00	5818.00	3788.00	11369.00	7259.00	177714.00	9583.00	41913.00	26619.00	2692.00	375051.00	113597.00	5817.00	53444.00	7575.00	3223.00	13731.00	12201.00	740.00	1285.00	441.00	96587.00	195057.00	13417.00	26574.00	9695.00	9969.00	1947791.00	627.00	20308.00	931.00	3802.00	5343.00	522.00	9476.00	15758.00	10749.00	83372.00	780.00	89408.00	5608.00	1206972.00	13798.00	480187.00	19263.00	7901.00	5165.00	4842.00	674.00	20714.00	8919.00	3436.00	222.00	19190.00	547.00	2923.00	21212.00
421511	White wine type and source:Viognier, Napa, CA 2004	9216.00	1618.00	101264.00	6360.00	646.00	1706.00	4385.00	9004.00	73816.00	1723.00	85312.00	2008.00	1561.00	36505.00	25232.00	1298.00	5094.00	4591.00	1051.00	800.00	6294.00	374.00	14794.00	188404.00	9985.00	45308.00	501.00	11274.00	93032.00	251212.00	10430.00	406197.00	2224.00	1543.00	26782.00	131835.00	3242.00	1665.00	605458.00	744.00	6281.00	3961.00	962222.00	8397.00	1235.00	58514.00	600.00	2311.00	3736.00	392.00	443454.00	7307.00	5862.00	3953.00	9314.00	7889.00	225700.00	8049.00	39812.00	27576.00	2933.00	424363.00	59631.00	6208.00	73406.00	8982.00	3217.00	15990.00	13647.00	933.00	482.00	144.00	98825.00	188473.00	7771.00	10321.00	9603.00	8907.00	1706855.00	2280.00	20395.00	916.00	4122.00	5522.00	256.00	3291.00	17191.00	10668.00	95290.00	819.00	53822.00	5299.00	1223475.00	4861.00	484617.00	18890.00	7873.00	3714.00	5104.00	461.00	19614.00	514.00	2622.00	140.00	18245.00	597.00	3162.00	22748.00
421515	White wine type and source:Viognier, Napa, CA 2004	11331.00	1305.00	94999.00	6206.00	827.00	1384.00	2790.00	9754.00	84713.00	2075.00	78360.00	3850.00	1680.00	36985.00	24117.00	2581.00	4417.00	6002.00	7349.00	928.00	935.00	444.00	16690.00	158959.00	9753.00	42334.00	479.00	11907.00	77919.00	199709.00	10372.00	382811.00	3096.00	1182.00	433200.00	108043.00	3593.00	1326.00	494839.00	802.00	7351.00	4813.00	1444940.00	3800.00	2433.00	64036.00	548.00	2113.00	3522.00	426.00	379285.00	9188.00	5492.00	5848.00	13279.00	7247.00	156153.00	22086.00	38208.00	27221.00	2916.00	294435.00	157427.00	8867.00	57877.00	11421.00	3405.00	12834.00	13011.00	677.00	474.00	197.00	60291.00	193906.00	6480.00	19403.00	9207.00	9175.00	1547583.00	413.00	19767.00	808.00	3897.00	5002.00	429.00	13114.00	16240.00	14463.00	87610.00	809.00	52347.00	6008.00	1172730.00	4594.00	443614.00	19665.00	8052.00	3966.00	6510.00	613.00	17754.00	9544.00	5519.00	88.00	26095.00	701.00	2504.00	20616.00
421519	White wine type and source:Viognier, Napa, CA 2004	10779.00	3065.00	99510.00	6194.00	816.00	1778.00	4411.00	10637.00	76214.00	1777.00	86637.00	2367.00	840.00	39599.00	26376.00	3308.00	4165.00	5506.00	5835.00	797.00	2656.00	451.00	16917.00	175612.00	12874.00	42521.00	308.00	10976.00	81087.00	228494.00	12031.00	378839.00	1596.00	1201.00	227402.00	122265.00	3219.00	1478.00	526340.00	632.00	6942.00	5365.00	768000.00	8408.00	1428.00	62548.00	673.00	1260.00	3407.00	535.00	382674.00	6490.00	6562.00	3046.00	11398.00	7410.00	181481.00	9057.00	43603.00	27423.00	2829.00	399255.00	91796.00	5013.00	55908.00	6318.00	3328.00	14153.00	12632.00	708.00	2043.00	371.00	100115.00	205610.00	15242.00	27632.00	9846.00	11338.00	2013940.00	638.00	20362.00	829.00	4174.00	5361.00	280.00	6929.00	16726.00	8842.00	85654.00	791.00	93812.00	5896.00	1163964.00	20480.00	479796.00	19463.00	8220.00	4822.00	3581.00	512.00	19601.00	8257.00	2741.00	187.00	19534.00	560.00	3130.00	22836.00
